Date,Price,Open,High,Low,Vol.,Change %
"Apr 13, 2022",320,320,320,320,-,0.00%
"Apr 12, 2022",320,303,320,303,0.16K,6.67%
"Apr 11, 2022",300,300,303,300,0.12K,1.69%
"Apr 08, 2022",295,290,295,290,0.07K,5.09%
"Apr 07, 2022",280.7,290,290,290,0.27K,-3.42%
"Apr 06, 2022",290.65,300,303,295,0.41K,0.19%
"Apr 05, 2022",290.1,274.8,295,274,0.20K,10.73%
"Apr 04, 2022",262,255,257,255,0.06K,-1.28%
"Apr 01, 2022",265.4,272,272,272,0.02K,-2.78%
"Mar 31, 2022",273,267,273,267,0.09K,0.50%
"Mar 30, 2022",271.65,270,280,270,0.17K,1.25%
"Mar 29, 2022",268.3,275,279,265,0.18K,-0.78%
"Mar 28, 2022",270.4,270,275,270,0.12K,-16.76%
"Mar 25, 2022",324.85,324,324,324,0.01K,-0.06%
"Mar 24, 2022",325.05,326,326,324.75,0.10K,-0.55%
"Mar 23, 2022",326.85,326,326.5,324.5,0.04K,1.19%
"Mar 22, 2022",323,320,324,318,0.03K,1.51%
"Mar 21, 2022",318.2,313,320,310,0.05K,-1.79%
"Mar 18, 2022",324,324,324,324,0.01K,2.53%
"Mar 17, 2022",316,330,335,315,0.07K,1.28%
"Mar 16, 2022",312,325,325,310,0.02K,-7.21%
"Mar 15, 2022",336.25,362,362,350,0.05K,-5.90%
"Mar 14, 2022",357.35,362,362,362,0.06K,-1.81%
"Mar 11, 2022",363.95,375,375,360,0.15K,-0.97%
"Mar 10, 2022",367.5,390,390,365,0.12K,-12.08%
"Mar 09, 2022",418,425,435,395,0.06K,-4.78%
"Mar 08, 2022",439,425,425,425,0.12K,3.25%
"Mar 07, 2022",459,465,465,450,0.04K,6.13%
"Mar 04, 2022",432.5,400,440,400,0.26K,22.26%
"Mar 03, 2022",353.75,410,410,380,0.17K,-18.96%
"Mar 02, 2022",436.5,350,435,350,0.37K,38.57%
"Mar 01, 2022",315,260,330,260,0.23K,23.89%
"Feb 28, 2022",254.25,235,261,230,0.43K,31.74%
"Feb 25, 2022",193,193,193,193,0.01K,-0.05%
"Feb 24, 2022",193.1,190,191,190,0.01K,1.29%
"Feb 23, 2022",190.65,190,191,190,0.00K,0.87%
"Feb 22, 2022",189,187,189,186.9,0.11K,2.08%
"Feb 21, 2022",185.15,185,186,185,0.04K,0.57%
"Feb 18, 2022",184.1,184.1,184.1,184.1,0.01K,0.57%
"Feb 17, 2022",183.05,183.5,183.5,183.5,0.06K,-0.33%
"Feb 16, 2022",183.65,185,185,183,0.02K,-1.61%
"Feb 15, 2022",186.65,187,187,186,0.03K,-1.94%
"Feb 14, 2022",190.35,194,194,194,0.04K,0.45%
"Feb 11, 2022",189.5,189,189,189,0.00K,0.72%
"Feb 10, 2022",188.15,189,189,189,0.01K,0.21%
"Feb 09, 2022",187.75,189,189,188,0.10K,0.89%
"Feb 08, 2022",186.1,186,187,185.5,0.03K,1.97%
"Feb 07, 2022",182.5,182,183.5,178,0.18K,-0.27%
"Feb 04, 2022",183,179.5,183,179.5,0.17K,3.13%
"Feb 03, 2022",177.45,180,180,177.5,0.02K,0.08%
"Feb 02, 2022",177.3,178,178,175.5,0.15K,1.60%
"Feb 01, 2022",174.5,174,174,170,0.27K,-2.10%
"Jan 31, 2022",178.25,178,178,173,0.17K,7.06%
"Jan 28, 2022",166.5,166,166.5,166,0.02K,0.33%
"Jan 27, 2022",165.95,165.95,165.95,165.95,0.01K,0.00%
"Jan 26, 2022",165.95,165.75,165.75,165.75,0.09K,0.82%
"Jan 25, 2022",164.6,165.5,165.5,164.5,0.06K,0.83%
"Jan 24, 2022",163.25,165,165.4,164.5,0.10K,0.74%
"Jan 21, 2022",162.05,160,165,160,0.08K,1.60%
"Jan 20, 2022",159.5,161,161,159,0.05K,-1.39%
"Jan 19, 2022",161.75,161.25,161.25,161.25,0.13K,-0.34%
"Jan 18, 2022",162.3,162.5,165,162,0.14K,4.04%
"Jan 17, 2022",156,155,158,155,0.08K,1.30%
"Jan 14, 2022",154,152,159,152,0.30K,3.43%
"Jan 13, 2022",148.9,143,148.9,143,0.34K,7.12%
"Jan 12, 2022",139,138,138,138,0.37K,2.21%
"Jan 11, 2022",136,140.05,140.05,136,0.04K,-1.84%
"Jan 10, 2022",138.55,142.95,143,142.95,0.06K,-1.18%
"Jan 07, 2022",140.2,147,147,139,0.16K,-2.30%
"Jan 06, 2022",143.5,142.5,142.5,142.5,0.06K,4.52%
"Jan 05, 2022",137.3,134.65,136,134.5,0.23K,5.53%
"Jan 04, 2022",130.1,128,130,126,0.26K,8.42%
"Jan 03, 2022",120,120,120,120,0.00K,-12.76%
"Dec 31, 2021",137.55,137.55,137.55,137.55,-,-0.33%
"Dec 30, 2021",138,140,140,140,0.01K,-0.25%
"Dec 29, 2021",138.35,138.5,140,138.5,0.01K,2.03%
"Dec 28, 2021",135.6,135.6,135.6,135.6,-,-3.62%
"Dec 27, 2021",140.7,140.7,140.7,140.7,-,-0.92%
"Dec 24, 2021",142,142,142,142,-,-0.53%
"Dec 23, 2021",142.75,144,144,142,0.00K,-2.86%
"Dec 22, 2021",146.95,148,148,147,0.00K,-0.03%
"Dec 21, 2021",147,147,147,147,0.02K,0.68%
"Dec 20, 2021",146,149.5,149.5,149,0.07K,0.00%
"Dec 17, 2021",146,148,148,148,0.02K,-1.28%
"Dec 16, 2021",147.9,144,146.5,144,0.06K,4.38%
"Dec 15, 2021",141.7,140.5,141.5,140.5,0.04K,0.82%
"Dec 14, 2021",140.55,140,140.25,140,0.08K,2.97%
"Dec 13, 2021",136.5,136.5,137.5,136.5,0.03K,1.19%
"Dec 10, 2021",134.9,134.5,134.5,134.5,0.04K,0.00%
"Dec 09, 2021",134.9,134.9,134.9,134.9,0.07K,0.26%
"Dec 08, 2021",134.55,132.5,133.5,132.5,0.33K,4.22%
"Dec 07, 2021",129.1,129.1,129.1,129.1,0.12K,5.65%
"Dec 06, 2021",122.2,120.75,122.5,120.75,0.11K,0.58%
"Dec 03, 2021",121.5,124.5,124.5,121,0.03K,-2.21%
"Dec 02, 2021",124.25,120,125,120,0.09K,0.93%
"Dec 01, 2021",123.1,112,123,112,0.19K,10.80%
"Nov 30, 2021",111.1,118,118,110,0.14K,-12.52%
"Nov 29, 2021",127,131.5,131.5,123,0.11K,-14.19%
"Nov 26, 2021",148,148,148,148,0.01K,0.00%
"Nov 25, 2021",148,150,150,150,0.01K,-1.07%
"Nov 24, 2021",149.6,151,151,149,0.03K,-0.27%
"Nov 23, 2021",150,147.5,150,147.5,0.10K,2.39%
"Nov 22, 2021",146.5,145,146.5,144,0.17K,0.86%
"Nov 19, 2021",145.25,144,144,144,0.00K,0.35%
"Nov 18, 2021",144.75,141,144,141,0.10K,1.26%
"Nov 17, 2021",142.95,144,144,144,0.05K,1.02%
"Nov 16, 2021",141.5,140,141.5,140,0.06K,2.06%
"Nov 15, 2021",138.65,138.65,138.65,138.65,-,-0.25%
"Nov 12, 2021",139,140.5,140.5,140,0.08K,-2.11%
"Nov 11, 2021",142,142,142,142,0.06K,-0.07%
"Nov 10, 2021",142.1,143,143,141,0.05K,-6.51%
"Nov 09, 2021",152,156,156,155,0.11K,-3.49%
"Nov 08, 2021",157.5,152.5,159,152,0.09K,6.24%
"Nov 05, 2021",148.25,145.5,145.5,145.5,0.00K,0.17%
"Nov 04, 2021",148,148,150,147,0.16K,-1.00%
"Nov 03, 2021",149.5,147,152,147,0.16K,6.98%
"Nov 02, 2021",139.75,138.25,140.25,137,0.23K,2.76%
"Nov 01, 2021",136,140,140,139,0.10K,-41.54%
"Oct 29, 2021",232.65,232.65,232.65,232.65,-,-0.15%
"Oct 28, 2021",233,233,233,233,-,0.06%
"Oct 27, 2021",232.85,232.85,232.85,232.85,0.01K,-0.49%
"Oct 26, 2021",234,236,236,234,0.01K,-1.33%
"Oct 25, 2021",237.15,235,235,235,0.01K,2.55%
"Oct 22, 2021",231.25,231.25,231.25,231.25,0.01K,1.20%
"Oct 21, 2021",228.5,228.5,228.5,228.5,-,-1.76%
"Oct 20, 2021",232.6,233,233,233,0.01K,-0.81%
"Oct 19, 2021",234.5,235,235,233,0.05K,-1.74%
"Oct 18, 2021",238.65,240,240,235,0.14K,-0.58%
"Oct 15, 2021",240.05,242.5,242.5,240,0.07K,-1.48%
"Oct 14, 2021",243.65,242,243,242,0.03K,-0.53%
"Oct 13, 2021",244.95,247,247,246,0.10K,0.74%
"Oct 12, 2021",243.15,245,245,243,0.08K,0.68%
"Oct 11, 2021",241.5,242,242,240,0.14K,5.00%
"Oct 08, 2021",230,240,240,230,0.04K,-1.14%
"Oct 07, 2021",232.65,220,235,220,0.18K,-1.88%
"Oct 06, 2021",237.1,280,280,230,0.28K,-13.62%
"Oct 05, 2021",274.5,261,267,261,0.14K,10.80%
"Oct 04, 2021",247.75,246,246,246,0.20K,6.31%
"Oct 01, 2021",233.05,222,234,222,0.20K,6.59%
"Sep 30, 2021",218.65,212,219,212,0.28K,4.87%
"Sep 29, 2021",208.5,207,210,206.5,0.42K,3.06%
"Sep 28, 2021",202.3,206.05,210,201,0.41K,0.27%
"Sep 27, 2021",201.75,200,202,200,0.43K,16.96%
"Sep 24, 2021",172.5,172.5,172.5,172.5,0.01K,-0.20%
"Sep 23, 2021",172.85,172.85,172.85,172.85,0.06K,0.49%
"Sep 22, 2021",172,172,172,172,0.01K,0.35%
"Sep 21, 2021",171.4,171.25,171.25,171.25,0.01K,0.20%
"Sep 20, 2021",171.05,171.05,171.05,171.05,-,1.45%
"Sep 17, 2021",168.6,168.5,168.5,168.5,0.03K,1.02%
"Sep 16, 2021",166.9,167.5,167.5,167.5,0.03K,-1.53%
"Sep 15, 2021",169.5,172.5,172.5,170.25,0.08K,-0.88%
"Sep 14, 2021",171,171.5,171.5,171.5,0.02K,-0.41%
"Sep 13, 2021",171.7,173.4,173.4,172,0.06K,0.50%
"Sep 10, 2021",170.85,170.85,170.85,170.85,0.03K,0.68%
"Sep 09, 2021",169.7,169.7,169.7,169.7,0.03K,0.41%
"Sep 08, 2021",169,168.15,169,168.15,0.05K,0.48%
"Sep 07, 2021",168.2,167.75,168.85,167.5,0.14K,0.12%
"Sep 06, 2021",168,169,169,168.2,0.04K,1.73%
"Sep 03, 2021",165.15,164,165.5,164,0.04K,1.82%
"Sep 02, 2021",162.2,158,163.25,158,0.24K,3.81%
"Sep 01, 2021",156.25,160,160,157,0.06K,1.63%
"Aug 31, 2021",153.75,150,154,150,0.23K,3.15%
"Aug 30, 2021",149.05,149.05,149.05,149.05,-,0.07%
"Aug 27, 2021",148.95,148.95,148.95,148.95,-,-0.03%
"Aug 26, 2021",149,149,149,149,-,0.07%
"Aug 25, 2021",148.9,148.5,149,148.5,0.01K,0.27%
"Aug 24, 2021",148.5,148.5,149,148.35,0.03K,0.10%
"Aug 23, 2021",148.35,148.3,148.75,148.3,0.03K,2.66%
"Aug 20, 2021",144.5,144.5,144.5,144.5,-,-0.96%
"Aug 19, 2021",145.9,145.9,145.9,145.9,-,-2.70%
"Aug 18, 2021",149.95,150,150,150,0.01K,0.03%
"Aug 17, 2021",149.9,151.1,151.1,151.1,0.13K,-1.28%
"Aug 16, 2021",151.85,152.15,152.15,152.15,0.04K,1.44%
"Aug 13, 2021",149.7,149.65,149.65,149.65,0.01K,-0.20%
"Aug 12, 2021",150,150,150,150,0.03K,1.63%
"Aug 11, 2021",147.6,147.6,147.6,147.6,0.01K,1.10%
"Aug 10, 2021",146,145.5,146.25,145.5,0.06K,0.17%
"Aug 09, 2021",145.75,146,146,146,0.08K,1.29%
"Aug 06, 2021",143.9,143.9,143.9,143.9,0.02K,1.23%
"Aug 05, 2021",142.15,141.75,142,141.75,0.00K,0.74%
"Aug 04, 2021",141.1,140.75,141,140.75,0.14K,0.75%
"Aug 03, 2021",140.05,141,141,140,0.24K,0.25%
"Aug 02, 2021",139.7,139.7,139.7,139.7,0.01K,5.12%
"Jul 30, 2021",132.9,132.9,132.9,132.9,-,0.00%
"Jul 29, 2021",132.9,132.9,132.9,132.9,-,0.00%
"Jul 28, 2021",132.9,132.9,132.9,132.9,-,0.23%
"Jul 27, 2021",132.6,132.6,132.6,132.6,-,0.38%
"Jul 26, 2021",132.1,132.1,132.1,132.1,-,-0.15%
"Jul 23, 2021",132.3,132.3,132.3,132.3,-,0.30%
"Jul 22, 2021",131.9,131.9,131.9,131.9,0.01K,-0.53%
"Jul 21, 2021",132.6,132.6,132.6,132.6,-,0.38%
"Jul 20, 2021",132.1,132.1,132.1,132.1,-,-0.75%
"Jul 19, 2021",133.1,133.5,133.5,133.35,0.03K,0.38%
"Jul 16, 2021",132.6,133,133,132.5,0.16K,0.45%
"Jul 15, 2021",132,132,132,132,-,0.19%
"Jul 14, 2021",131.75,131.75,131.75,131.75,-,0.50%
"Jul 13, 2021",131.1,128,128,128,0.01K,3.51%
"Jul 12, 2021",126.65,126.65,126.65,126.65,0.07K,-0.12%
"Jul 09, 2021",126.8,126.8,126.8,126.8,0.02K,1.04%
"Jul 08, 2021",125.5,125,125.75,124.9,0.10K,0.68%
"Jul 07, 2021",124.65,124.25,124.25,124.25,0.07K,0.69%
"Jul 06, 2021",123.8,123.8,123.8,123.8,0.06K,-2.71%
"Jul 05, 2021",127.25,127.25,127.25,127.25,0.07K,2.95%
"Jul 02, 2021",123.6,122,122.75,122,0.06K,1.10%
"Jul 01, 2021",122.25,124,124,123.75,0.15K,1.24%
"Jun 30, 2021",120.75,115,121,115,0.39K,4.95%
"Jun 29, 2021",115.05,113,115.65,112.9,0.29K,1.68%
"Jun 28, 2021",113.15,113.25,113.25,113.25,0.23K,4.29%
"Jun 25, 2021",108.5,108.5,108.5,108.5,0.01K,0.23%
"Jun 24, 2021",108.25,108.25,108.25,108.25,0.02K,0.23%
"Jun 23, 2021",108,108,108,108,0.01K,0.70%
"Jun 22, 2021",107.25,107.25,107.25,107.25,-,0.23%
"Jun 21, 2021",107,107,107,107,-,-0.70%
"Jun 18, 2021",107.75,107.75,107.75,107.75,-,-0.05%
"Jun 17, 2021",107.8,107.8,107.8,107.8,-,-0.19%
"Jun 16, 2021",108,108,108,108,0.09K,0.00%
"Jun 15, 2021",108,108.5,108.5,108.5,0.01K,-0.92%
"Jun 14, 2021",109,109,109,109,0.01K,-0.91%
"Jun 11, 2021",110,110,110,110,0.01K,0.00%
"Jun 10, 2021",110,109,109,109,0.17K,1.62%
"Jun 09, 2021",108.25,106.25,108,106.25,0.01K,2.36%
"Jun 08, 2021",105.75,105.75,105.75,105.75,0.02K,-0.24%
"Jun 07, 2021",106,104.5,106.1,104.5,0.09K,4.69%
"Jun 04, 2021",101.25,100.65,101.5,100.65,0.11K,0.75%
"Jun 03, 2021",100.5,97.75,101,97.75,0.11K,4.25%
"Jun 02, 2021",96.4,95.5,96.5,95.5,0.11K,0.63%
"Jun 01, 2021",95.8,96,96.5,95.85,0.12K,2.79%
"May 31, 2021",93.2,93.2,93.2,93.2,-,8.69%
"May 28, 2021",85.75,85.75,85.75,85.75,-,0.00%
"May 27, 2021",85.75,85.75,85.75,85.75,-,0.12%
"May 26, 2021",85.65,85.65,85.65,85.65,-,-0.12%
"May 25, 2021",85.75,85.75,85.75,85.75,-,0.29%
"May 24, 2021",85.5,85.5,85.5,85.5,-,0.35%
"May 21, 2021",85.2,85.2,85.2,85.2,-,0.53%
"May 20, 2021",84.75,84.5,84.5,84.5,0.07K,0.89%
"May 19, 2021",84,84,84,84,0.03K,-0.71%
"May 18, 2021",84.6,84.5,84.5,84.5,0.05K,0.12%
"May 17, 2021",84.5,84.5,84.5,84.5,0.12K,-1.05%
"May 14, 2021",85.4,85,85,84.9,0.02K,-0.35%
"May 13, 2021",85.7,85.25,85.25,85.25,0.01K,-0.17%
"May 12, 2021",85.85,85.85,85.85,85.85,0.01K,1.24%
"May 11, 2021",84.8,84,84,84,0.01K,1.19%
"May 10, 2021",83.8,84.45,84.45,83.75,0.08K,1.58%
"May 07, 2021",82.5,81.3,81.3,81.3,0.18K,1.16%
"May 06, 2021",81.55,81.55,81.55,81.55,0.08K,1.87%
"May 05, 2021",80.05,78.6,79.25,78.6,0.15K,1.97%
"May 04, 2021",78.5,78.5,78.6,78.4,0.07K,-0.19%
"May 03, 2021",78.65,78.75,78.75,78.7,0.00K,9.39%
"Apr 30, 2021",71.9,71.9,71.9,71.9,-,0.00%
"Apr 29, 2021",71.9,71.9,71.9,71.9,-,0.21%
"Apr 28, 2021",71.75,71.75,71.75,71.75,-,-0.14%
"Apr 27, 2021",71.85,73.9,73.9,73.9,0.02K,0.21%
"Apr 26, 2021",71.7,71.7,71.7,71.7,-,-0.14%
"Apr 23, 2021",71.8,71.8,71.8,71.8,0.01K,0.00%
"Apr 22, 2021",71.8,72,72,72,0.01K,0.42%
"Apr 21, 2021",71.5,71.5,71.5,71.5,0.03K,0.00%
"Apr 20, 2021",71.5,71.5,71.5,71.5,-,0.00%
"Apr 19, 2021",71.5,71.5,71.5,71.5,0.01K,-0.14%
"Apr 16, 2021",71.6,71,71,71,0.04K,1.99%
"Apr 15, 2021",70.2,70,70,70,0.03K,1.52%
"Apr 14, 2021",69.15,69.15,69.15,69.15,0.06K,0.44%
"Apr 13, 2021",68.85,68.85,68.85,68.85,0.04K,0.73%
"Apr 12, 2021",68.35,68.35,68.35,68.35,0.05K,1.18%
"Apr 09, 2021",67.55,67.5,67.5,67.5,0.10K,0.52%
"Apr 08, 2021",67.2,67.5,67.5,67.5,0.07K,-2.33%
"Apr 07, 2021",68.8,68.8,68.8,68.8,0.07K,-2.13%
"Apr 06, 2021",70.3,70.3,70.3,70.3,0.05K,0.14%
"Apr 05, 2021",70.2,70.2,70.2,70.2,-,0.00%
"Apr 01, 2021",70.2,70.2,70.2,70.2,0.06K,0.21%
"Mar 31, 2021",70.05,69.95,70.1,69.75,0.17K,0.07%
"Mar 30, 2021",70,70.45,70.45,69.8,0.07K,-0.85%
"Mar 29, 2021",70.6,70.6,70.6,70.6,0.11K,3.07%
"Mar 26, 2021",68.5,68.5,68.5,68.5,-,0.00%
"Mar 25, 2021",68.5,68.5,68.5,68.5,-,0.00%
"Mar 24, 2021",68.5,68.5,68.5,68.5,-,0.00%
"Mar 23, 2021",68.5,68.5,68.5,68.5,-,0.00%
"Mar 22, 2021",68.5,68.5,68.5,68.5,0.01K,0.07%
"Mar 19, 2021",68.45,68.5,68.5,68.5,0.03K,0.51%
"Mar 18, 2021",68.1,68.1,68.1,68.1,0.07K,0.81%
"Mar 17, 2021",67.55,66.5,66.5,66.5,0.04K,1.89%
"Mar 16, 2021",66.3,66.4,66.5,66.4,0.00K,-0.08%
"Mar 15, 2021",66.35,66,66.35,66,0.04K,0.45%
"Mar 12, 2021",66.05,65.85,66,65.85,0.05K,0.38%
"Mar 11, 2021",65.8,65.8,65.8,65.8,0.02K,0.00%
"Mar 10, 2021",65.8,66,66.25,66,0.13K,-0.30%
"Mar 09, 2021",66,65.4,66,65.4,0.02K,0.76%
"Mar 08, 2021",65.5,65.5,65.5,65.5,0.03K,0.38%
"Mar 05, 2021",65.25,65.5,65.5,65.25,0.01K,0.08%
"Mar 04, 2021",65.2,66,66,65.7,0.06K,-0.76%
"Mar 03, 2021",65.7,65.9,66.15,65.9,0.14K,-0.68%
"Mar 02, 2021",66.15,65.7,66.3,65.7,0.09K,1.15%
"Mar 01, 2021",65.4,65.95,65.95,65.5,0.04K,-1.13%
"Feb 26, 2021",66.15,66.15,66.15,66.15,-,0.53%
"Feb 25, 2021",65.8,65.85,65.85,65.85,0.00K,0.15%
"Feb 24, 2021",65.7,65,65.7,65,0.00K,-0.30%
"Feb 23, 2021",65.9,65.9,65.9,65.9,-,-0.08%
"Feb 22, 2021",65.95,66,66,66,0.01K,0.00%
"Feb 19, 2021",65.95,66,66,66,0.00K,0.61%
"Feb 18, 2021",65.55,65.55,65.55,65.55,0.01K,0.31%
"Feb 17, 2021",65.35,65.25,65.35,65.25,0.00K,-0.38%
"Feb 16, 2021",65.6,65.25,65.5,65.2,0.03K,0.46%
"Feb 15, 2021",65.3,66.25,66.25,65.2,0.07K,-2.54%
"Feb 12, 2021",67,67.25,67.45,67.2,0.02K,-0.52%
"Feb 11, 2021",67.35,67.5,67.8,66.9,0.08K,-0.96%
"Feb 10, 2021",68,68.15,68.5,68,0.03K,-0.87%
"Feb 09, 2021",68.6,68.1,68.65,68.1,0.09K,0.51%
"Feb 08, 2021",68.25,67,68.25,67,0.21K,2.71%
"Feb 05, 2021",66.45,65.5,66.5,65.5,0.13K,2.23%
"Feb 04, 2021",65,64,64.9,64,0.12K,1.96%
"Feb 03, 2021",63.75,63.6,63.8,63.3,0.18K,-2.52%
"Feb 02, 2021",65.4,65.7,66.5,63.5,0.22K,-0.30%
"Feb 01, 2021",65.6,68,68,65.25,0.07K,-3.24%
"Jan 29, 2021",67.8,67.8,67.8,67.8,0.01K,0.00%
"Jan 28, 2021",67.8,67.6,67.8,67.6,0.03K,0.15%
"Jan 27, 2021",67.7,67.75,67.75,67.75,0.05K,0.07%
"Jan 26, 2021",67.65,67.45,67.6,67.45,0.07K,0.30%
"Jan 25, 2021",67.45,67.4,67.4,67.4,0.01K,-0.07%
"Jan 22, 2021",67.5,67.5,67.5,67.5,0.06K,-0.07%
"Jan 21, 2021",67.55,67.5,67.55,67.5,0.02K,0.07%
"Jan 20, 2021",67.5,67.6,67.6,67.4,0.09K,0.00%
"Jan 19, 2021",67.5,67.5,67.5,67.3,0.09K,0.37%
"Jan 18, 2021",67.25,68,68.1,67.9,0.11K,-1.97%
"Jan 15, 2021",68.6,68.9,68.9,68.6,0.06K,-1.86%
"Jan 14, 2021",69.9,69.5,69.95,69.4,0.06K,-0.36%
"Jan 13, 2021",70.15,69.5,70.1,69.5,0.12K,-0.50%
"Jan 12, 2021",70.5,69.1,70.5,68.95,0.29K,2.92%
"Jan 11, 2021",68.5,68.55,68.55,68.4,0.14K,0.00%
"Jan 08, 2021",68.5,67.75,68.5,67.35,0.37K,2.85%
"Jan 07, 2021",66.6,66.5,66.6,65.75,0.17K,3.66%
"Jan 06, 2021",64.25,65.75,65.75,64.2,0.15K,-1.00%
"Jan 05, 2021",64.9,68.5,68.75,65.9,0.23K,-6.35%
"Jan 04, 2021",69.3,69.75,70.25,69.75,0.13K,0.43%
"Dec 31, 2020",69,69,69,69,0.04K,-0.58%
"Dec 30, 2020",69.4,70.6,70.6,69.15,0.28K,-0.86%
"Dec 29, 2020",70,71,71,70.25,0.37K,-2.30%
"Dec 28, 2020",71.65,71.75,72,71.5,0.18K,8.40%
"Dec 24, 2020",66.1,66.1,66.1,66.1,-,0.08%
"Dec 23, 2020",66.05,66.05,66.05,66.05,-,-0.08%
"Dec 22, 2020",66.1,66.1,66.1,66.1,-,0.00%
"Dec 21, 2020",66.1,66.1,66.1,66.1,-,0.15%
"Dec 18, 2020",66,65.65,66,65.65,0.05K,0.53%
"Dec 17, 2020",65.65,65.65,65.65,65.65,-,0.08%
"Dec 16, 2020",65.6,65.6,65.6,65.6,-,-0.30%
"Dec 15, 2020",65.8,65.8,65.8,65.8,0.01K,0.61%
"Dec 14, 2020",65.4,65.45,65.45,65.4,0.03K,0.46%
"Dec 11, 2020",65.1,65,65,65,0.01K,1.72%
"Dec 10, 2020",64,63.6,64,63.5,0.14K,1.11%
"Dec 09, 2020",63.3,63.3,63.3,63.3,-,0.40%
"Dec 08, 2020",63.05,63,63,62.8,0.03K,0.16%
"Dec 07, 2020",62.95,63.5,63.5,63.5,0.01K,-0.40%
"Dec 04, 2020",63.2,62.15,63.4,62.15,0.18K,2.18%
"Dec 03, 2020",61.85,62.4,62.6,62.25,0.10K,-0.24%
"Dec 02, 2020",62,61.45,62.05,61.45,0.03K,1.22%
"Dec 01, 2020",61.25,60.95,61.7,60.9,0.11K,0.16%
"Nov 30, 2020",61.15,60.5,60.75,60.5,0.14K,14.09%
"Nov 27, 2020",53.6,53.6,53.6,53.6,-,0.09%
"Nov 26, 2020",53.55,53.55,53.55,53.55,-,0.00%
"Nov 25, 2020",53.55,53.55,53.55,53.55,-,0.66%
"Nov 24, 2020",53.2,53.2,53.2,53.2,-,0.47%
"Nov 23, 2020",52.95,53,53.15,53,0.00K,-0.09%
"Nov 20, 2020",53,52.7,52.9,52.7,0.08K,0.47%
"Nov 19, 2020",52.75,52.75,52.9,52.75,0.02K,-0.19%
"Nov 18, 2020",52.85,52.85,52.85,52.85,-,0.19%
"Nov 17, 2020",52.75,52.8,52.85,52.75,0.01K,-0.38%
"Nov 16, 2020",52.95,53,53,53,0.02K,0.47%
"Nov 13, 2020",52.7,52.5,52.75,52.5,0.07K,1.25%
"Nov 12, 2020",52.05,51.45,52.5,51.45,0.11K,1.26%
"Nov 11, 2020",51.4,51.4,51.45,51.2,0.05K,0.10%
"Nov 10, 2020",51.35,51.4,51.4,51.3,0.12K,0.59%
"Nov 09, 2020",51.05,51,51.3,51,0.03K,0.49%
"Nov 06, 2020",50.8,50.75,50.75,50.75,0.04K,-1.17%
"Nov 05, 2020",51.4,50.85,51.25,50.85,0.06K,1.08%
"Nov 04, 2020",50.85,50.8,50.85,50.8,0.07K,-0.39%
"Nov 03, 2020",51.05,50.9,51.25,50.9,0.13K,0.29%
"Nov 02, 2020",50.9,50.7,51,50.7,0.05K,-9.19%
"Oct 30, 2020",56.05,56.05,56.05,56.05,-,-0.09%
"Oct 29, 2020",56.1,56.25,56.25,56.25,0.00K,-0.71%
"Oct 28, 2020",56.5,56.5,56.5,56.5,0.00K,-0.09%
"Oct 27, 2020",56.55,56.25,56.6,56.25,0.02K,-0.26%
"Oct 26, 2020",56.7,56.7,56.7,56.7,-,0.00%
"Oct 23, 2020",56.7,56.7,56.9,56.7,0.01K,-0.09%
"Oct 22, 2020",56.75,56.75,56.75,56.75,0.00K,0.44%
"Oct 21, 2020",56.5,56.5,56.5,56.5,0.01K,-1.05%
"Oct 20, 2020",57.1,57.1,57.1,57.1,0.03K,0.00%
"Oct 19, 2020",57.1,57.1,57.1,57.1,0.05K,0.18%
"Oct 16, 2020",57,56.95,56.95,56.95,0.01K,0.35%
"Oct 15, 2020",56.8,56.5,57.05,56.4,0.02K,0.35%
"Oct 14, 2020",56.6,56.8,56.8,56.8,0.01K,0.18%
"Oct 13, 2020",56.5,56.5,56.5,56.5,0.01K,-0.62%
"Oct 12, 2020",56.85,57.3,57.3,56.75,0.03K,-1.30%
"Oct 09, 2020",57.6,57.45,57.5,57.45,0.03K,-0.17%
"Oct 08, 2020",57.7,57.6,57.6,57.6,0.03K,0.09%
"Oct 07, 2020",57.65,57.4,57.4,57.4,0.05K,-0.09%
"Oct 06, 2020",57.7,57.7,57.7,57.7,0.02K,0.00%
"Oct 05, 2020",57.7,57.25,57.4,57.25,0.07K,2.30%
"Oct 02, 2020",56.4,56.8,56.8,56.4,0.16K,-1.66%
"Oct 01, 2020",57.35,57.65,57.7,57.6,0.09K,0.26%
"Sep 30, 2020",57.2,56.75,57.1,56.75,0.27K,0.26%
"Sep 29, 2020",57.05,56.9,57.3,56.9,0.30K,-0.26%
"Sep 28, 2020",57.2,56.7,57.3,56.7,0.22K,9.26%
"Sep 25, 2020",52.35,52.35,52.35,52.35,-,0.19%
"Sep 24, 2020",52.25,52.3,52.3,52.3,0.00K,0.19%
"Sep 23, 2020",52.15,52.15,52.15,52.15,0.00K,0.10%
"Sep 22, 2020",52.1,52.1,52.1,52.1,-,0.00%
"Sep 21, 2020",52.1,52,52,52,0.01K,0.19%
"Sep 18, 2020",52,51.9,51.9,51.9,0.02K,0.19%
"Sep 17, 2020",51.9,52.1,52.1,52.05,0.01K,0.00%
"Sep 16, 2020",51.9,52.05,52.05,52.05,0.01K,0.19%
"Sep 15, 2020",51.8,51.8,51.8,51.8,-,0.19%
"Sep 14, 2020",51.7,51.7,51.7,51.7,-,0.00%
"Sep 11, 2020",51.7,51.5,51.5,51.5,0.00K,0.00%
"Sep 10, 2020",51.7,51.75,51.75,51.75,0.01K,0.98%
"Sep 09, 2020",51.2,51.5,51.75,51.5,0.03K,0.00%
"Sep 08, 2020",51.2,51,51,51,0.01K,0.39%
"Sep 07, 2020",51,51,51,51,0.07K,-0.78%
"Sep 04, 2020",51.4,51.4,51.4,51.4,0.01K,-0.19%
"Sep 03, 2020",51.5,51.5,51.5,51.5,0.05K,0.00%
"Sep 02, 2020",51.5,52,52,51.4,0.24K,-2.28%
"Sep 01, 2020",52.7,52.5,52.8,52.25,0.06K,-0.38%
"Aug 31, 2020",52.9,52.75,52.75,52.75,0.00K,7.96%
"Aug 28, 2020",49,49,49,49,-,0.20%
"Aug 27, 2020",48.9,48.9,48.9,48.9,-,-0.10%
"Aug 26, 2020",48.95,48.95,48.95,48.95,-,0.10%
"Aug 25, 2020",48.9,48.9,48.9,48.9,-,0.20%
"Aug 24, 2020",48.8,48.8,48.8,48.8,-,0.31%
"Aug 21, 2020",48.65,48.65,48.65,48.65,-,-0.51%
"Aug 20, 2020",48.9,48.9,48.9,48.9,-,-0.51%
"Aug 19, 2020",49.15,49.15,49.15,49.15,0.02K,-0.41%
"Aug 18, 2020",49.35,49.35,49.35,49.35,-,-0.10%
"Aug 17, 2020",49.4,49.4,49.4,49.4,-,0.30%
"Aug 14, 2020",49.25,50,50,49.3,0.05K,-0.51%
"Aug 13, 2020",49.5,49.5,49.5,49.5,0.03K,-0.40%
"Aug 12, 2020",49.7,49.75,49.8,49.75,0.05K,-1.19%
"Aug 11, 2020",50.3,50.5,50.5,50.35,0.03K,-0.49%
"Aug 10, 2020",50.55,50.85,50.9,50.85,0.00K,-0.49%
"Aug 07, 2020",50.8,50.8,50.8,50.8,0.02K,1.20%
"Aug 06, 2020",50.2,50.2,50.2,50.2,0.10K,-2.14%
"Aug 05, 2020",51.3,51.5,51.5,51,0.13K,-0.58%
"Aug 04, 2020",51.6,51.75,51.75,51.6,0.02K,-0.19%
"Aug 03, 2020",51.7,51.75,51.75,51.65,0.06K,3.61%
"Jul 31, 2020",49.9,49.9,49.9,49.9,-,0.10%
"Jul 30, 2020",49.85,49.85,49.85,49.85,-,0.30%
"Jul 29, 2020",49.7,49.7,49.7,49.7,-,0.00%
"Jul 28, 2020",49.7,49.7,49.7,49.7,-,0.40%
"Jul 27, 2020",49.5,49.5,49.5,49.5,-,-0.10%
"Jul 24, 2020",49.55,49.6,49.6,49.6,0.00K,-0.10%
"Jul 23, 2020",49.6,49.4,49.4,49.4,0.01K,-0.20%
"Jul 22, 2020",49.7,49.7,49.7,49.7,0.03K,0.20%
"Jul 21, 2020",49.6,49.6,49.6,49.6,0.02K,1.12%
"Jul 20, 2020",49.05,48.7,49,48.7,0.05K,-0.41%
"Jul 17, 2020",49.25,49.25,49.25,49.25,-,0.51%
"Jul 16, 2020",49,49,49,49,-,0.00%
"Jul 15, 2020",49,49,49,49,0.03K,0.72%
"Jul 14, 2020",48.65,47.5,48,47.5,0.01K,-0.31%
"Jul 13, 2020",48.8,48.95,48.95,48.95,0.02K,0.21%
"Jul 10, 2020",48.7,48.7,48.7,48.7,0.03K,-1.22%
"Jul 09, 2020",49.3,49.5,49.5,49,0.17K,-0.40%
"Jul 08, 2020",49.5,49.5,49.5,49.5,0.08K,-2.27%
"Jul 07, 2020",50.65,50.5,50.5,50.5,0.10K,-1.07%
"Jul 06, 2020",51.2,51.2,51.2,51.2,0.06K,0.59%
"Jul 03, 2020",50.9,50.5,50.5,50.5,0.07K,-0.29%
"Jul 02, 2020",51.05,51.1,51.1,50.65,0.08K,2.20%
"Jul 01, 2020",49.95,49.8,50,49.8,0.58K,0.20%
"Jun 30, 2020",49.85,49.5,49.6,49.1,0.30K,-0.40%
"Jun 29, 2020",50.05,49.9,50,49.9,0.21K,10.12%
"Jun 26, 2020",45.45,45.45,45.45,45.45,-,0.44%
"Jun 25, 2020",45.25,45.25,45.25,45.25,-,0.00%
"Jun 24, 2020",45.25,45.25,45.25,45.25,-,0.89%
"Jun 23, 2020",44.85,45.25,45.25,45.25,0.00K,-1.64%
"Jun 22, 2020",45.6,45.6,45.6,45.6,-,1.33%
"Jun 19, 2020",45,45,45,45,-,0.67%
"Jun 18, 2020",44.7,44.7,44.7,44.7,0.00K,0.22%
"Jun 17, 2020",44.6,44.6,44.6,44.6,0.05K,-0.45%
"Jun 16, 2020",44.8,44.8,44.8,44.8,0.01K,-0.44%
"Jun 15, 2020",45,44.8,44.8,44.8,0.05K,1.12%
"Jun 12, 2020",44.5,44.5,44.5,44.5,0.04K,0.34%
"Jun 11, 2020",44.35,44.4,44.4,44.4,0.07K,-1.33%
"Jun 10, 2020",44.95,44.5,44.5,44.5,0.07K,-1.43%
"Jun 09, 2020",45.6,45.6,45.6,45.3,0.13K,-0.76%
"Jun 08, 2020",45.95,46.25,46.25,46.25,0.05K,-0.54%
"Jun 05, 2020",46.2,46.2,46.2,46.2,0.03K,1.09%
"Jun 04, 2020",45.7,45.7,45.7,45.7,0.01K,-1.93%
"Jun 03, 2020",46.6,46.3,46.3,46.3,0.08K,-0.32%
"Jun 02, 2020",46.75,46,47,46,0.28K,4.24%
"Jun 01, 2020",44.85,42,44.5,42,0.05K,16.49%
"May 29, 2020",38.5,38.5,38.5,38.5,-,-0.77%
"May 28, 2020",38.8,38.8,38.8,38.8,-,0.26%
"May 27, 2020",38.7,38.7,38.7,38.7,-,0.26%
"May 26, 2020",38.6,38.6,38.6,38.6,-,-0.39%
"May 25, 2020",38.75,38.75,38.75,38.75,-,0.26%
"May 22, 2020",38.65,38.65,38.65,38.55,0.02K,-0.26%
"May 21, 2020",38.75,38.75,38.75,38.75,-,-0.13%
"May 20, 2020",38.8,38.85,38.85,38.65,0.02K,-0.13%
"May 19, 2020",38.85,38.85,38.85,38.85,-,0.00%
"May 18, 2020",38.85,38.75,38.95,38.75,0.02K,0.26%
"May 15, 2020",38.75,38.75,38.75,38.55,0.01K,-0.90%
"May 14, 2020",39.1,39.1,39.1,39.1,-,-0.64%
"May 13, 2020",39.35,39.35,39.35,39.35,-,-0.88%
"May 12, 2020",39.7,39.7,39.7,39.7,0.01K,-0.50%
"May 11, 2020",39.9,39.9,39.9,39.9,-,-0.25%
"May 08, 2020",40,40,40,40,-,-0.50%
"May 07, 2020",40.2,40.2,40.2,40.2,0.04K,0.50%
"May 06, 2020",40,40.15,40.15,40.15,0.01K,1.01%
"May 05, 2020",39.6,39.6,39.6,39.6,0.07K,1.54%
"May 04, 2020",39,39,39,39,0.00K,-1.27%
"May 01, 2020",39.5,39.5,39.5,39.5,-,-0.88%
"Apr 30, 2020",39.85,39.85,39.85,39.85,0.02K,2.18%
"Apr 29, 2020",39,39,39,39,0.02K,1.43%
"Apr 28, 2020",38.45,38.45,38.45,38.45,0.02K,-1.66%
"Apr 27, 2020",39.1,40,40,39.05,0.09K,-13.21%
"Apr 24, 2020",45.05,45.05,45.05,45.05,-,0.33%
"Apr 23, 2020",44.9,44.9,44.9,44.9,0.00K,-0.55%
"Apr 22, 2020",45.15,45.15,45.15,45.15,-,-0.66%
"Apr 21, 2020",45.45,45.45,45.45,45.45,-,-0.22%
"Apr 20, 2020",45.55,45.55,45.55,45.55,0.02K,0.33%
"Apr 17, 2020",45.4,45.75,45.75,45.6,0.01K,-0.22%
"Apr 16, 2020",45.5,45.5,45.5,45.5,0.03K,0.44%
"Apr 15, 2020",45.3,45.3,45.3,45.3,0.03K,-0.98%
"Apr 14, 2020",45.75,45.75,45.75,45.75,0.04K,-2.03%
"Apr 13, 2020",46.7,46.7,46.7,46.7,-,-0.21%
"Apr 09, 2020",46.8,46.85,46.85,46.85,0.02K,0.43%
"Apr 08, 2020",46.6,46.6,46.6,46.6,0.02K,-0.96%
"Apr 07, 2020",47.05,46.5,46.5,46.5,0.06K,1.62%
"Apr 06, 2020",46.3,46.1,46.1,46.1,0.08K,0.43%
"Apr 03, 2020",46.1,46.95,46.95,46.9,0.12K,-2.85%
"Apr 02, 2020",47.45,47.85,47.85,47.4,0.05K,-1.35%
"Apr 01, 2020",48.1,48.1,48.1,48,0.52K,-2.43%
"Mar 31, 2020",49.3,51,51,49.9,0.14K,-2.86%
"Mar 30, 2020",50.75,51.8,51.8,50.75,0.22K,5.51%
"Mar 27, 2020",48.1,48.1,48.1,48.1,-,0.31%
"Mar 26, 2020",47.95,47.95,47.95,47.95,-,-0.62%
"Mar 25, 2020",48.25,47.9,47.9,47.9,0.01K,1.26%
"Mar 24, 2020",47.65,47.7,47.85,47.7,0.01K,0.53%
"Mar 23, 2020",47.4,47.4,47.4,47.4,0.00K,-0.21%
"Mar 20, 2020",47.5,47.4,47.45,47.4,0.15K,1.28%
"Mar 19, 2020",46.9,46.5,46.5,46.5,0.00K,-1.88%
"Mar 18, 2020",47.8,47.8,47.8,47.8,-,1.49%
"Mar 17, 2020",47.1,47.1,47.1,47.1,0.02K,1.29%
"Mar 16, 2020",46.5,46.5,46.5,46.5,0.02K,-0.11%
"Mar 13, 2020",46.55,46.55,46.55,46.55,0.02K,1.64%
"Mar 12, 2020",45.8,46.3,46.3,46.3,0.02K,-1.51%
"Mar 11, 2020",46.5,46.5,46.5,46.5,-,0.22%
"Mar 10, 2020",46.4,46.4,46.4,46.4,-,0.00%
"Mar 09, 2020",46.4,46.5,46.5,46.25,0.04K,-2.11%
"Mar 06, 2020",47.4,47.1,47.25,47.1,0.06K,-0.84%
"Mar 05, 2020",47.8,47.6,47.6,47.4,0.11K,1.06%
"Mar 04, 2020",47.3,46.75,47.2,46.75,0.07K,0.75%
"Mar 03, 2020",46.95,47.95,47.65,47,0.03K,0.21%
"Mar 02, 2020",46.85,46.85,46.85,46.85,0.07K,-1.99%
"Feb 28, 2020",47.8,47.8,47.8,47.8,-,-0.21%
"Feb 27, 2020",47.9,47.9,47.9,47.9,-,-0.21%
"Feb 26, 2020",48,48,48,48,-,-0.31%
"Feb 25, 2020",48.15,48.15,48.15,48.15,-,0.31%
"Feb 24, 2020",48,48,48,48,-,-0.62%
"Feb 21, 2020",48.3,48.3,48.3,48.3,-,-0.21%
"Feb 20, 2020",48.4,48.45,48.45,48.45,0.04K,-1.83%
"Feb 19, 2020",49.3,49.3,49.3,49.3,-,-0.80%
"Feb 18, 2020",49.7,49.7,49.7,49.7,0.00K,-1.68%
"Feb 17, 2020",50.55,50.4,50.4,50.4,0.03K,0.50%
"Feb 14, 2020",50.3,50.25,50.3,50.25,0.01K,0.80%
"Feb 13, 2020",49.9,49.7,50,49.7,0.03K,2.36%
"Feb 12, 2020",48.75,48.5,48.75,48.5,0.03K,1.56%
"Feb 11, 2020",48,48,48,48,-,1.05%
"Feb 10, 2020",47.5,47.8,47.8,47.8,0.03K,-1.45%
"Feb 07, 2020",48.2,48.65,48.65,48.15,0.19K,-1.43%
"Feb 06, 2020",48.9,48.75,48.75,48.75,0.10K,-1.11%
"Feb 05, 2020",49.45,49.25,50.05,49.25,0.24K,1.12%
"Feb 04, 2020",48.9,48,48.2,48,0.09K,2.52%
"Feb 03, 2020",47.7,47.8,47.8,47.4,0.06K,-5.26%
"Jan 31, 2020",50.35,50.35,50.35,50.35,-,-0.20%
"Jan 30, 2020",50.45,50.45,50.45,50.45,-,0.60%
"Jan 29, 2020",50.15,50.15,50.15,50.15,0.01K,-0.40%
"Jan 28, 2020",50.35,50.4,50.4,50.4,0.02K,0.00%
"Jan 27, 2020",50.35,50.35,50.35,50.35,0.01K,0.20%
"Jan 24, 2020",50.25,50.25,50.25,50.25,0.00K,-0.30%
"Jan 23, 2020",50.4,50.4,50.4,50.4,0.01K,0.30%
"Jan 22, 2020",50.25,50.35,50.35,50.35,0.02K,-0.69%
"Jan 21, 2020",50.6,50.6,50.6,50.6,0.13K,1.71%
"Jan 20, 2020",49.75,49.75,49.75,49.75,0.04K,-1.49%
"Jan 17, 2020",50.5,50.5,50.5,50.5,0.05K,-0.98%
"Jan 16, 2020",51,51.25,51.25,51,0.06K,-1.54%
"Jan 15, 2020",51.8,52,52,51.9,0.06K,-0.77%
"Jan 14, 2020",52.2,52.5,52.5,52.5,0.16K,-2.43%
"Jan 13, 2020",53.5,53.2,53.4,53.2,0.09K,1.13%
"Jan 10, 2020",52.9,52.65,53.2,52.65,0.15K,0.38%
"Jan 09, 2020",52.7,52.5,52.75,52.5,0.20K,0.38%
"Jan 08, 2020",52.5,52.5,52.5,52.5,0.11K,-0.10%
"Jan 07, 2020",52.55,52.25,52.3,52.25,0.16K,-0.19%
"Jan 06, 2020",52.65,52.65,52.65,52.65,0.11K,-0.19%
"Jan 03, 2020",52.75,52.75,52.75,52.5,0.12K,1.25%
"Jan 02, 2020",52.1,52.1,52.1,52.1,0.20K,-1.70%
"Dec 31, 2019",53,53.5,53.5,53.15,0.04K,0.47%
"Dec 30, 2019",52.75,52.65,52.65,52.65,0.12K,-1.40%
"Dec 27, 2019",53.5,53.5,53.5,53.5,-,0.56%
"Dec 26, 2019",53.2,53.2,53.2,53.2,-,0.00%
"Dec 24, 2019",53.2,53.2,53.2,53.2,-,-0.37%
"Dec 23, 2019",53.4,52.75,52.75,52.75,0.00K,-0.09%
"Dec 20, 2019",53.45,53.45,53.45,53.45,-,0.19%
"Dec 19, 2019",53.35,53.35,53.35,53.35,0.01K,-0.28%
"Dec 18, 2019",53.5,53.5,53.5,53.5,-,0.00%
"Dec 17, 2019",53.5,53.5,53.5,53.5,0.00K,0.00%
"Dec 16, 2019",53.5,53.5,53.5,53.5,0.01K,-0.19%
"Dec 13, 2019",53.6,53.7,53.7,53.7,0.01K,-0.74%
"Dec 12, 2019",54,53.75,53.8,53.6,0.02K,0.93%
"Dec 11, 2019",53.5,53.5,53.5,53.5,0.01K,-0.19%
"Dec 10, 2019",53.6,53.5,53.5,53.4,0.00K,-1.11%
"Dec 09, 2019",54.2,53.8,53.8,53.8,0.05K,-0.28%
"Dec 06, 2019",54.35,54.7,54.7,54.3,0.01K,-1.54%
"Dec 05, 2019",55.2,55.7,55.7,55.2,0.01K,-1.43%
"Dec 04, 2019",56,56.1,56.2,56.1,0.01K,-0.71%
"Dec 03, 2019",56.4,56.75,56.75,56.4,0.01K,-1.57%
"Dec 02, 2019",57.3,57.25,57.25,57.15,0.03K,1.60%
"Nov 29, 2019",56.4,56.4,56.4,56.4,-,0.53%
"Nov 28, 2019",56.1,56.1,56.1,56.1,-,0.45%
"Nov 27, 2019",55.85,55.85,55.85,55.85,-,-0.53%
"Nov 26, 2019",56.15,56.15,56.15,56.15,-,0.45%
"Nov 25, 2019",55.9,55.9,55.9,55.9,-,-0.09%
"Nov 22, 2019",55.95,55.95,55.95,55.95,-,-0.18%
"Nov 21, 2019",56.05,56,56,56,0.01K,0.99%
"Nov 20, 2019",55.5,55.5,55.5,55.5,0.01K,0.27%
"Nov 19, 2019",55.35,55.35,55.35,55.35,-,1.00%
"Nov 18, 2019",54.8,54.75,54.75,54.75,0.00K,-1.88%
"Nov 15, 2019",55.85,55.85,55.85,55.85,-,0.18%
"Nov 14, 2019",55.75,55.3,55.3,55.3,0.00K,0.81%
"Nov 13, 2019",55.3,55.3,55.3,55.3,0.04K,0.00%
"Nov 12, 2019",55.3,55.35,55.35,55.35,0.00K,0.18%
"Nov 11, 2019",55.2,55.45,55.45,55.3,0.05K,-1.08%
"Nov 08, 2019",55.8,55.8,55.8,55.8,0.01K,-0.71%
"Nov 07, 2019",56.2,56.1,56.15,56,0.05K,0.18%
"Nov 06, 2019",56.1,56.1,56.1,56.1,0.05K,-1.41%
"Nov 05, 2019",56.9,56.9,56.9,56.9,0.05K,0.26%
"Nov 04, 2019",56.75,56.25,56.8,56.25,0.09K,-0.35%
"Nov 01, 2019",56.95,56.95,56.95,56.95,-,0.98%
"Oct 31, 2019",56.4,56.25,56.5,55.8,0.18K,0.36%
"Oct 30, 2019",56.2,57.25,57.25,56.15,0.10K,-0.88%
"Oct 29, 2019",56.7,56.5,56.6,56.4,0.07K,0.53%
"Oct 28, 2019",56.4,56.4,56.4,56,0.21K,-6.23%
"Oct 25, 2019",60.15,60.15,60.15,60.15,-,0.42%
"Oct 24, 2019",59.9,59.9,59.9,59.9,-,-0.42%
"Oct 23, 2019",60.15,60.15,60.15,60.15,-,0.00%
"Oct 22, 2019",60.15,60.15,60.15,60.15,-,0.08%
"Oct 21, 2019",60.1,60.1,60.1,60.1,-,0.17%
"Oct 18, 2019",60,60,60,60,0.00K,-0.17%
"Oct 17, 2019",60.1,60.1,60.1,60.1,-,-0.25%
"Oct 16, 2019",60.25,60.25,60.25,60.25,-,-0.30%
"Oct 15, 2019",60.43,61,61,60.5,0.03K,-0.80%
"Oct 14, 2019",60.92,60.75,60.75,60.7,0.02K,0.28%
"Oct 11, 2019",60.75,61,61,60.5,0.06K,0.08%
"Oct 10, 2019",60.7,60.7,60.7,60.7,0.16K,-0.08%
"Oct 09, 2019",60.75,61.5,61.5,61,0.11K,-0.90%
"Oct 08, 2019",61.3,60.25,61.2,60.25,0.28K,1.74%
"Oct 07, 2019",60.25,60.25,60.25,60.25,0.03K,1.01%
"Oct 04, 2019",59.65,59.65,59.65,59.65,0.03K,0.76%
"Oct 03, 2019",59.2,59.5,59.5,59.5,0.04K,-0.34%
"Oct 02, 2019",59.4,59.8,59.8,59.8,0.08K,-1.00%
"Oct 01, 2019",60,59.25,60,59.25,0.23K,-1.48%
"Sep 30, 2019",60.9,59.8,60.5,59.5,0.16K,0.83%
"Sep 27, 2019",60.4,60.4,60.4,60.4,-,-0.82%
"Sep 26, 2019",60.9,60.9,60.9,60.9,-,1.08%
"Sep 25, 2019",60.25,60.25,60.25,60.25,-,-1.23%
"Sep 24, 2019",61,61,61,61,-,0.16%
"Sep 23, 2019",60.9,60.9,60.9,60.9,-,-0.57%
"Sep 20, 2019",61.25,61.25,61.25,61.25,-,0.57%
"Sep 19, 2019",60.9,60.9,60.9,60.9,-,-0.25%
"Sep 18, 2019",61.05,61.05,61.05,61.05,-,-0.81%
"Sep 17, 2019",61.55,61.55,61.55,61.55,-,-0.32%
"Sep 16, 2019",61.75,61.75,61.75,61.75,0.00K,1.31%
"Sep 13, 2019",60.95,61.25,61.25,61.25,0.00K,0.33%
"Sep 12, 2019",60.75,60.75,60.75,60.75,-,0.50%
"Sep 11, 2019",60.45,60.3,60.3,60.3,0.01K,-0.33%
"Sep 10, 2019",60.65,60,60,60,0.01K,3.85%
"Sep 09, 2019",58.4,58.2,58.2,58.2,0.02K,1.30%
"Sep 06, 2019",57.65,57.5,57.5,57.5,0.01K,0.44%
"Sep 05, 2019",57.4,57.2,57.2,57.2,0.02K,1.15%
"Sep 04, 2019",56.75,57.1,57.35,56.8,0.04K,-0.35%
"Sep 03, 2019",56.95,55.4,57,55.4,0.09K,2.98%
"Sep 02, 2019",55.3,53.95,55.4,53.75,0.04K,0.55%
"Aug 30, 2019",55,55,55,55,-,0.55%
"Aug 29, 2019",54.7,54.7,54.7,54.7,-,-0.18%
"Aug 28, 2019",54.8,54.8,54.8,54.8,-,-0.27%
"Aug 27, 2019",54.95,54.95,54.95,54.95,-,0.09%
"Aug 26, 2019",54.9,54.9,54.9,54.9,-,0.00%
"Aug 23, 2019",54.9,54.9,54.9,54.9,-,-0.36%
"Aug 22, 2019",55.1,55.1,55.1,55.1,-,-0.45%
"Aug 21, 2019",55.35,55.35,55.35,55.35,-,-0.54%
"Aug 20, 2019",55.65,55.65,55.65,55.65,-,-0.27%
"Aug 19, 2019",55.8,55.8,55.8,55.8,-,-0.18%
"Aug 16, 2019",55.9,55.9,55.9,55.9,-,-0.18%
"Aug 15, 2019",56,56,56,56,0.10K,-0.18%
"Aug 14, 2019",56.1,56.1,56.1,56.1,0.04K,-0.53%
"Aug 13, 2019",56.4,56.4,56.4,56.4,-,0.18%
"Aug 12, 2019",56.3,56.3,56.3,56.3,-,0.09%
"Aug 09, 2019",56.25,56.25,56.25,56.25,0.01K,-0.44%
"Aug 08, 2019",56.5,56.5,56.5,56.5,0.12K,0.62%
"Aug 07, 2019",56.15,56,56,56,0.06K,0.09%
"Aug 06, 2019",56.1,56.7,56.75,55.75,0.11K,-1.67%
"Aug 05, 2019",57.05,57.5,57.5,57,0.03K,-1.89%
"Aug 02, 2019",58.15,58.15,58.5,58,0.05K,-0.68%
"Aug 01, 2019",58.55,58,58.3,58,0.06K,1.12%
"Jul 31, 2019",57.9,58.25,58.7,57.8,0.05K,0.00%
"Jul 30, 2019",57.9,57.8,58,57.6,0.04K,-0.17%
"Jul 29, 2019",58,59.5,59.5,58,0.08K,-0.17%
"Jul 26, 2019",58.1,58.1,58.1,58.1,-,0.00%
"Jul 25, 2019",58.1,58.1,58.1,58.1,-,0.00%
"Jul 24, 2019",58.1,58.1,58.1,58.1,0.01K,0.00%
"Jul 23, 2019",58.1,58.1,58.1,58.1,0.05K,0.00%
"Jul 22, 2019",58.1,58.15,58.15,58.15,0.02K,0.17%
"Jul 19, 2019",58,58,58,58,0.07K,0.61%
"Jul 18, 2019",57.65,57.65,57.65,57.65,0.05K,-0.26%
"Jul 17, 2019",57.8,57.8,57.8,57.8,-,0.87%
"Jul 16, 2019",57.3,57.3,57.3,57.3,0.01K,-0.78%
"Jul 15, 2019",57.75,57.75,57.75,57.75,0.04K,-0.17%
"Jul 12, 2019",57.85,58.1,58.1,57.6,0.10K,-1.11%
"Jul 11, 2019",58.5,58.5,58.5,58.5,0.01K,0.69%
"Jul 10, 2019",58.1,56.25,58.5,56.25,0.05K,3.01%
"Jul 09, 2019",56.4,56.3,56.6,56.3,0.15K,-1.14%
"Jul 08, 2019",57.05,57,57.55,56.6,0.10K,1.33%
"Jul 05, 2019",56.3,55,56.2,55,0.12K,1.81%
"Jul 04, 2019",55.3,52.9,54,52.9,0.04K,4.73%
"Jul 03, 2019",52.8,52,52.75,52,0.20K,2.62%
"Jul 02, 2019",51.45,51.6,51.85,51.25,0.41K,1.78%
"Jul 01, 2019",50.55,50.75,50.9,50.4,0.19K,3.48%
"Jun 28, 2019",48.85,48.85,48.85,48.85,-,-0.10%
"Jun 27, 2019",48.9,48.9,48.9,48.9,-,0.00%
"Jun 26, 2019",48.9,48.9,48.9,48.9,-,-0.10%
"Jun 25, 2019",48.95,48.95,48.95,48.95,-,0.00%
"Jun 24, 2019",48.95,48.95,48.95,48.95,-,-0.10%
"Jun 21, 2019",49,49,49,49,-,0.10%
"Jun 20, 2019",48.95,48.95,48.95,48.95,-,0.51%
"Jun 19, 2019",48.7,48.7,48.7,48.7,-,0.10%
"Jun 18, 2019",48.65,48.65,48.65,48.65,0.00K,-1.42%
"Jun 17, 2019",49.35,50,50,49,0.00K,-1.30%
"Jun 14, 2019",50,50,50,50,-,-0.50%
"Jun 13, 2019",50.25,50.25,50.25,50.25,0.01K,-0.50%
"Jun 12, 2019",50.5,50.5,50.5,50.5,0.01K,-1.08%
"Jun 11, 2019",51.05,51.75,51.75,51,0.01K,-3.68%
"Jun 10, 2019",53,53,53,53,0.01K,1.24%
"Jun 07, 2019",52.35,52,52.4,52,0.03K,0.96%
"Jun 06, 2019",51.85,51,51.1,51,0.04K,0.48%
"Jun 05, 2019",51.6,52,52,51.6,0.13K,-1.34%
"Jun 04, 2019",52.3,51.95,51.95,51.45,0.14K,1.45%
"Jun 03, 2019",51.55,51.75,51.9,51.4,0.18K,-9.24%
"May 31, 2019",56.8,56.8,56.8,56.8,-,0.00%
"May 30, 2019",56.8,56.8,56.8,56.8,-,-0.18%
"May 29, 2019",56.9,56.9,56.9,56.9,-,-0.26%
"May 28, 2019",57.05,57.05,57.05,57.05,-,-0.78%
"May 27, 2019",57.5,57.5,57.5,57.5,-,0.00%
"May 24, 2019",57.5,57.75,57.75,57.75,0.00K,-0.52%
"May 23, 2019",57.8,57.75,57.75,57.75,0.12K,-0.34%
"May 22, 2019",58,58,58,57.9,0.01K,-0.34%
"May 21, 2019",58.2,58.2,58.2,58.2,-,-0.17%
"May 20, 2019",58.3,58.3,58.3,58.3,-,-0.17%
"May 17, 2019",58.4,58.35,58.35,58.35,0.01K,-0.17%
"May 16, 2019",58.5,58.5,58.5,58.5,-,-0.76%
"May 15, 2019",58.95,58.6,58.6,58.6,0.01K,-0.51%
"May 14, 2019",59.25,59.25,59.25,59.25,0.02K,0.94%
"May 13, 2019",58.7,58.75,58.75,58.5,0.03K,-0.76%
"May 10, 2019",59.15,59,59,59,0.00K,-0.34%
"May 09, 2019",59.35,59.65,59.65,59.3,0.01K,-1.82%
"May 08, 2019",60.45,60.25,60.4,60,0.06K,1.43%
"May 07, 2019",59.6,60,60,60,0.06K,-1.49%
"May 06, 2019",60.5,60.5,60.5,60.5,-,-0.66%
"May 03, 2019",60.9,60.9,60.9,60.9,0.01K,2.96%
"May 02, 2019",59.15,59,59,59,0.01K,1.37%
"May 01, 2019",58.35,58.75,59,57.9,0.03K,-1.19%
"Apr 30, 2019",59.05,58.5,59.2,58.25,0.16K,0.34%
"Apr 29, 2019",58.85,59.5,59.55,58.9,0.07K,-0.25%
"Apr 26, 2019",59,59,59,59,-,-0.59%
"Apr 25, 2019",59.35,59.35,59.35,59.35,-,0.00%
"Apr 24, 2019",59.35,59.35,59.35,59.35,-,-0.50%
"Apr 23, 2019",59.65,59.65,59.65,59.65,-,0.42%
"Apr 22, 2019",59.4,59.4,59.4,59.4,-,0.00%
"Apr 18, 2019",59.4,59.4,59.4,59.4,-,-0.34%
"Apr 17, 2019",59.6,59.6,59.6,59.6,-,0.00%
"Apr 16, 2019",59.6,59.6,59.6,59.6,0.00K,0.34%
"Apr 15, 2019",59.4,59.4,59.4,59.4,0.05K,-1.25%
"Apr 12, 2019",60.15,60.15,60.15,60.15,0.09K,0.59%
"Apr 11, 2019",59.8,59.8,59.8,59.8,0.02K,0.00%
"Apr 10, 2019",59.8,60,60,59,0.02K,1.27%
"Apr 09, 2019",59.05,59.05,59.05,59.05,0.01K,0.60%
"Apr 08, 2019",58.7,58.7,58.7,58.7,0.02K,4.36%
"Apr 05, 2019",56.25,56.25,56.25,56.25,0.02K,0.36%
"Apr 04, 2019",56.05,55,55.25,55,0.10K,2.28%
"Apr 03, 2019",54.8,56,56,54,0.25K,-2.84%
"Apr 02, 2019",56.4,56,56.75,56,0.11K,-4.00%
"Apr 01, 2019",58.75,61,61,58.5,0.03K,-16.55%
"Mar 29, 2019",70.4,70.4,70.4,70.4,-,-0.07%
"Mar 28, 2019",70.45,70.45,70.45,70.45,-,-0.21%
"Mar 27, 2019",70.6,70.6,70.6,70.6,-,-0.14%
"Mar 26, 2019",70.7,70.7,70.7,70.7,-,0.00%
"Mar 25, 2019",70.7,70.7,70.7,70.7,-,-0.21%
"Mar 22, 2019",70.85,70.85,70.85,70.85,-,-0.14%
"Mar 21, 2019",70.95,70.95,70.95,70.95,-,-0.35%
"Mar 20, 2019",71.2,71.1,71.1,70.95,0.02K,-0.07%
"Mar 19, 2019",71.25,71.25,71.25,71.25,-,-0.28%
"Mar 18, 2019",71.45,71.15,71.5,71.15,0.04K,0.07%
"Mar 15, 2019",71.4,71.4,71.4,71.4,-,-0.76%
"Mar 14, 2019",71.95,71.95,71.95,71.95,0.02K,0.21%
"Mar 13, 2019",71.8,71.5,71.5,71.5,0.03K,-1.17%
"Mar 12, 2019",72.65,72.65,72.65,72.65,0.07K,0.48%
"Mar 11, 2019",72.3,72.75,72.75,72.55,0.11K,-0.07%
"Mar 08, 2019",72.35,72.8,72.8,72.35,0.06K,-1.09%
"Mar 07, 2019",73.15,73,73.15,73,0.02K,-0.41%
"Mar 06, 2019",73.45,74.5,74.5,73.5,0.04K,-1.41%
"Mar 05, 2019",74.5,74.5,74.5,74.5,0.01K,-0.80%
"Mar 04, 2019",75.1,75.1,75.1,75.1,0.04K,0.67%
"Mar 01, 2019",74.6,74.9,74.9,74.75,0.04K,-0.60%
"Feb 28, 2019",75.05,75.05,75.05,75.05,0.07K,0.00%
"Feb 27, 2019",75.05,74.5,75.1,74.4,0.07K,1.35%
"Feb 26, 2019",74.05,75,75,74,0.06K,1.09%
"Feb 25, 2019",73.25,72.75,73.25,72.75,0.08K,-1.15%
"Feb 22, 2019",74.1,74.1,74.1,74.1,-,-0.20%
"Feb 21, 2019",74.25,74.25,74.25,74.25,-,-0.13%
"Feb 20, 2019",74.35,74.35,74.35,74.35,-,0.41%
"Feb 19, 2019",74.05,74,74,74,0.00K,-0.07%
"Feb 18, 2019",74.1,74.1,74.1,74.1,0.01K,0.00%
"Feb 15, 2019",74.1,74,74,73.9,-,0.47%
"Feb 14, 2019",73.75,73.9,74,73.8,0.03K,-0.47%
"Feb 13, 2019",74.1,73.6,73.9,73.6,0.06K,1.30%
"Feb 12, 2019",73.15,73.3,73.3,73.1,0.05K,-0.61%
"Feb 11, 2019",73.6,73.7,73.7,73.55,0.09K,-0.67%
"Feb 08, 2019",74.1,74.1,74.1,74.1,0.02K,-1.46%
"Feb 07, 2019",75.2,75.45,75.45,75.45,0.08K,-1.12%
"Feb 06, 2019",76.05,75.6,75.6,75.6,0.02K,0.46%
"Feb 05, 2019",75.7,75.85,76.6,75.5,0.18K,-0.79%
"Feb 04, 2019",76.3,76,76.1,75.6,0.14K,-1.86%
"Feb 01, 2019",77.75,78.75,78.75,77.75,0.17K,-1.64%
"Jan 31, 2019",79.05,78.9,79.35,78.5,0.60K,-1.00%
"Jan 30, 2019",79.85,80,80,79.75,0.12K,0.13%
"Jan 29, 2019",79.75,78.6,79.2,78.3,0.08K,0.95%
"Jan 28, 2019",79,79.85,79.85,78.8,0.10K,-3.07%
"Jan 25, 2019",81.5,81.5,81.5,81.5,-,-0.43%
"Jan 24, 2019",81.85,81.85,81.85,81.85,-,-0.12%
"Jan 23, 2019",81.95,81.95,81.95,81.95,0.00K,-0.06%
"Jan 22, 2019",82,82,82,82,0.01K,-0.36%
"Jan 21, 2019",82.3,82.3,82.3,82.3,0.00K,-1.08%
"Jan 18, 2019",83.2,83.35,83.35,83.35,0.02K,-0.24%
"Jan 17, 2019",83.4,83.4,83.4,83.4,0.03K,0.54%
"Jan 16, 2019",82.95,82.5,83.05,82.5,0.08K,0.55%
"Jan 15, 2019",82.5,82.25,82.4,82.25,0.13K,0.61%
"Jan 14, 2019",82,82,82.05,82,0.09K,-0.67%
"Jan 11, 2019",82.55,82.5,82.5,82.5,0.09K,0.49%
"Jan 10, 2019",82.15,82,82,82,0.13K,0.12%
"Jan 09, 2019",82.05,82.1,82.1,82.1,0.26K,0.00%
"Jan 08, 2019",82.05,82.05,82.05,82.05,0.20K,0.67%
"Jan 07, 2019",81.5,83,83,81.9,0.18K,-2.34%
"Jan 04, 2019",83.45,83.35,83.5,83.35,0.37K,-0.36%
"Jan 03, 2019",83.75,84,84,83.5,0.34K,-1.99%
"Jan 02, 2019",85.45,85.45,85.45,85.45,0.28K,-1.44%
"Dec 31, 2018",86.7,86.7,86.7,86.7,0.05K,-1.48%
"Dec 28, 2018",88,88,88,88,-,0.86%
"Dec 27, 2018",87.25,87.25,87.25,87.25,-,-0.29%
"Dec 26, 2018",87.5,87.5,87.5,87.5,-,-0.57%
"Dec 24, 2018",88,88,88,88,-,0.00%
"Dec 21, 2018",88,88,88,88,0.01K,-0.62%
"Dec 20, 2018",88.55,88.55,88.55,88.55,0.02K,0.34%
"Dec 19, 2018",88.25,88.25,88.25,88.25,-,-0.17%
"Dec 18, 2018",88.4,88.4,88.4,88.4,0.03K,-0.23%
"Dec 17, 2018",88.6,88.6,88.6,88.6,0.02K,0.11%
"Dec 14, 2018",88.5,88,88.4,88,0.02K,0.68%
"Dec 13, 2018",87.9,87.75,87.85,87.7,0.04K,0.23%
"Dec 12, 2018",87.7,87.5,87.75,87.5,0.05K,0.86%
"Dec 11, 2018",86.95,87.1,87.1,86.7,0.03K,0.46%
"Dec 10, 2018",86.55,86.25,86.45,86.25,0.02K,0.00%
"Dec 07, 2018",86.55,86,86,86,0.06K,0.17%
"Dec 06, 2018",86.4,86,86.25,86,0.11K,0.41%
"Dec 05, 2018",86.05,85.25,85.5,85.25,0.08K,0.29%
"Dec 04, 2018",85.8,85,85.75,85,0.02K,-0.23%
"Dec 03, 2018",86,86.5,86.85,86.2,0.07K,-2.71%
"Nov 30, 2018",88.4,88.4,88.4,88.4,-,-0.23%
"Nov 29, 2018",88.6,88.6,88.6,88.6,-,0.00%
"Nov 28, 2018",88.6,88.6,88.6,88.6,-,0.00%
"Nov 27, 2018",88.6,88.6,88.6,88.6,-,0.06%
"Nov 26, 2018",88.55,88.55,88.55,88.55,-,0.34%
"Nov 23, 2018",88.25,88.25,88.25,88.25,-,-0.40%
"Nov 22, 2018",88.6,88.6,88.6,88.6,-,0.91%
"Nov 21, 2018",87.8,87.8,87.8,87.8,0.00K,-0.28%
"Nov 20, 2018",88.05,88.05,88.05,88.05,0.02K,-0.79%
"Nov 19, 2018",88.75,88.55,88.75,88.55,0.01K,-0.39%
"Nov 16, 2018",89.1,89.75,89.75,89.75,0.02K,-0.94%
"Nov 15, 2018",89.95,89.75,89.75,89.25,0.03K,-0.61%
"Nov 14, 2018",90.5,90,90,90,0.03K,-1.04%
"Nov 13, 2018",91.45,91.45,91.45,91.45,-,-1.45%
"Nov 12, 2018",92.8,92.8,92.8,92.8,-,1.20%
"Nov 09, 2018",91.7,91.7,91.7,91.7,-,-0.65%
"Nov 08, 2018",92.3,94,94,93,0.02K,-1.81%
"Nov 07, 2018",94,93.5,93.5,93.5,0.04K,0.80%
"Nov 06, 2018",93.25,93.5,93.5,93.15,0.04K,-1.53%
"Nov 05, 2018",94.7,95.5,95.5,95,0.08K,-1.46%
"Nov 02, 2018",96.1,96.25,96.25,96,0.03K,0.79%
"Nov 01, 2018",95.35,96.2,96.2,95,0.25K,-2.26%
"Oct 31, 2018",97.55,97.55,97.55,97.55,0.00K,-1.17%
"Oct 30, 2018",98.7,99.65,99.7,98.25,0.28K,-0.50%
"Oct 29, 2018",99.2,99.5,99.5,99.5,0.09K,-1.00%
"Oct 26, 2018",100.2,100.2,100.2,100.2,0.02K,-0.20%
"Oct 25, 2018",100.4,100.4,100.4,100.4,-,0.05%
"Oct 24, 2018",100.35,100.35,100.35,100.35,-,-0.05%
"Oct 23, 2018",100.4,100.4,100.4,100.4,-,0.05%
"Oct 22, 2018",100.35,100.35,100.35,100.35,-,-0.15%
"Oct 19, 2018",100.5,100.5,100.5,100.5,0.02K,0.80%
"Oct 18, 2018",99.7,99.7,99.7,99.7,-,0.40%
"Oct 17, 2018",99.3,99.3,99.3,99.3,0.03K,0.25%
"Oct 16, 2018",99.05,99,99,99,0.02K,-0.05%
"Oct 15, 2018",99.1,99.1,99.1,99.1,0.03K,0.00%
"Oct 12, 2018",99.1,99.1,99.1,99.1,0.03K,0.00%
"Oct 11, 2018",99.1,99,99,99,0.05K,-0.80%
"Oct 10, 2018",99.9,99.9,99.9,99.9,0.07K,-0.89%
"Oct 09, 2018",100.8,100.8,100.8,100.8,0.04K,-0.49%
"Oct 08, 2018",101.3,101.3,101.3,101.3,0.08K,-0.05%
"Oct 05, 2018",101.35,101.35,101.35,101.35,-,0.55%
"Oct 04, 2018",100.8,100.8,100.8,100.8,0.04K,-0.84%
"Oct 03, 2018",101.65,101.65,101.65,101.65,0.17K,0.44%
"Oct 02, 2018",101.2,102.25,103,102.25,0.08K,-0.59%
"Oct 01, 2018",101.8,101,101.4,101,0.05K,1.65%
"Sep 28, 2018",100.15,100.35,100.35,100.35,0.01K,-0.20%
"Sep 27, 2018",100.35,100.2,100.3,100.2,0.01K,0.05%
"Sep 26, 2018",100.3,100.3,100.3,100.3,-,0.00%
"Sep 25, 2018",100.3,100.3,100.3,100.3,0.02K,-0.05%
"Sep 24, 2018",100.35,100.35,100.35,100.35,0.01K,0.05%
"Sep 21, 2018",100.3,100.3,100.3,100.3,-,0.65%
"Sep 20, 2018",99.65,99.65,99.65,99.65,-,-0.65%
"Sep 19, 2018",100.3,99.4,100,99.4,0.01K,1.67%
"Sep 18, 2018",98.65,98.2,98.9,98.2,0.09K,-0.70%
"Sep 17, 2018",99.35,99.3,99.3,99.3,0.08K,-0.15%
"Sep 14, 2018",99.5,99.5,99.5,99.5,-,-0.90%
"Sep 13, 2018",100.4,100.4,100.4,100.4,0.01K,-0.10%
"Sep 12, 2018",100.5,100.5,100.5,100.5,0.02K,-0.45%
"Sep 11, 2018",100.95,100.95,100.95,100.95,0.01K,0.70%
"Sep 10, 2018",100.25,99.6,100.4,99.6,0.08K,0.50%
"Sep 07, 2018",99.75,101,101,100.9,0.08K,-1.24%
"Sep 06, 2018",101,101,101,101,0.03K,-0.44%
"Sep 05, 2018",101.45,100.4,101,100.4,0.09K,0.69%
"Sep 04, 2018",100.75,100.5,100.75,100.4,0.10K,1.46%
"Sep 03, 2018",99.3,98.6,99.4,98.6,0.04K,1.43%
"Aug 31, 2018",97.9,97.9,97.9,97.9,-,0.00%
"Aug 30, 2018",97.9,97.9,97.9,97.9,-,0.00%
"Aug 29, 2018",97.9,97.9,97.9,97.9,-,0.31%
"Aug 28, 2018",97.6,97.6,97.6,97.6,-,-0.41%
"Aug 27, 2018",98,98,98,98,-,1.03%
"Aug 24, 2018",97,97,97,97,0.01K,0.05%
"Aug 23, 2018",96.95,97.1,97.1,96.85,0.16K,0.05%
"Aug 22, 2018",96.9,96.8,96.8,96.8,0.01K,-0.62%
"Aug 21, 2018",97.5,98,98,97.5,0.01K,-0.71%
"Aug 20, 2018",98.2,98.5,98.5,98,0.02K,0.00%
"Aug 17, 2018",98.2,98.2,98.2,98.2,0.01K,0.36%
"Aug 16, 2018",97.85,97.85,97.85,97.85,0.01K,0.26%
"Aug 15, 2018",97.6,97.6,97.6,97.6,0.01K,-0.61%
"Aug 14, 2018",98.2,98.2,98.2,98.2,0.01K,0.61%
"Aug 13, 2018",97.6,97.3,97.75,97.3,0.08K,0.77%
"Aug 10, 2018",96.85,96.5,97,96.5,0.06K,0.41%
"Aug 09, 2018",96.45,96.45,96.6,96.45,0.09K,0.05%
"Aug 08, 2018",96.4,97.5,97.5,96.75,0.15K,-0.36%
"Aug 07, 2018",96.75,96.5,96.75,96.5,0.11K,0.73%
"Aug 06, 2018",96.05,95,96,95,0.05K,1.69%
"Aug 03, 2018",94.45,94.5,94.65,94,0.17K,-0.32%
"Aug 02, 2018",94.75,94.5,94.65,94.5,0.15K,-0.42%
"Aug 01, 2018",95.15,95,95.2,94.95,0.18K,0.05%
"Jul 31, 2018",95.1,94.7,95.1,94.65,0.13K,0.32%
"Jul 30, 2018",94.8,94.9,94.9,94.75,0.06K,-6.14%
"Jul 27, 2018",101,101,101,101,-,0.00%
"Jul 26, 2018",101,101,101,101,-,0.05%
"Jul 25, 2018",100.95,100.95,100.95,100.95,-,0.05%
"Jul 24, 2018",100.9,100.9,100.9,100.9,-,0.15%
"Jul 23, 2018",100.75,100.75,100.75,100.75,-,0.60%
"Jul 20, 2018",100.15,100.15,100.15,100.15,-,-0.79%
"Jul 19, 2018",100.95,100.95,100.95,100.95,0.00K,-0.88%
"Jul 18, 2018",101.85,101.85,101.85,101.85,0.07K,1.04%
"Jul 17, 2018",100.8,100.8,100.8,100.8,0.05K,0.10%
"Jul 16, 2018",100.7,100.7,100.7,100.7,0.05K,-0.69%
"Jul 13, 2018",101.4,101.4,101.4,101.4,0.02K,-0.15%
"Jul 12, 2018",101.55,102,102,101.75,0.05K,-1.02%
"Jul 11, 2018",102.6,102.6,102.6,102.6,0.07K,0.39%
"Jul 10, 2018",102.2,102.3,102.5,102.25,0.18K,0.25%
"Jul 09, 2018",101.95,101.5,101.5,101.5,0.11K,1.75%
"Jul 06, 2018",100.2,100.15,100.15,100.15,0.06K,-0.20%
"Jul 05, 2018",100.4,99.5,100.75,99.5,0.22K,0.65%
"Jul 04, 2018",99.75,99.75,99.75,99.75,0.03K,0.35%
"Jul 03, 2018",99.4,99.25,99.25,99.25,0.11K,0.66%
"Jul 02, 2018",98.75,98.15,99.5,98.15,0.06K,2.86%
"Jun 29, 2018",96,96,96,96,-,0.00%
"Jun 28, 2018",96,96,96,96,-,0.00%
"Jun 27, 2018",96,96,96,96,-,-0.05%
"Jun 26, 2018",96.05,96.05,96.05,96.05,-,-0.05%
"Jun 25, 2018",96.1,96.1,96.1,96.1,-,0.10%
"Jun 22, 2018",96,96,96,96,-,0.00%
"Jun 21, 2018",96,96,96,96,0.01K,-0.62%
"Jun 20, 2018",96.6,96.6,96.6,96.6,-,-0.41%
"Jun 19, 2018",97,97,97,97,0.01K,0.21%
"Jun 18, 2018",96.8,96.8,96.8,96.8,-,0.31%
"Jun 15, 2018",96.5,96.5,96.5,96.5,-,-0.26%
"Jun 14, 2018",96.75,96.75,96.75,96.75,-,-0.05%
"Jun 13, 2018",96.8,96.8,96.85,96.8,0.01K,-0.05%
"Jun 12, 2018",96.85,96.5,96.75,96.5,0.02K,0.73%
"Jun 11, 2018",96.15,95.65,96,95.65,0.01K,0.68%
"Jun 08, 2018",95.5,95.5,95.5,95.5,-,0.10%
"Jun 07, 2018",95.4,95.4,95.4,95.4,-,0.63%
"Jun 06, 2018",94.8,95,95,95,0.01K,-0.11%
"Jun 05, 2018",94.9,96.3,96.3,96.1,0.03K,-0.89%
"Jun 04, 2018",95.75,96,96.5,96,0.08K,0.47%
"Jun 01, 2018",95.3,95.25,95.4,95,0.06K,0.32%
"May 31, 2018",95,96.35,96.35,95.7,0.11K,-0.78%
"May 30, 2018",95.75,94.5,96.35,94.5,0.22K,1.65%
"May 29, 2018",94.2,93.05,94.1,93.05,0.04K,1.73%
"May 28, 2018",92.6,92.6,92.6,92.6,-,3.35%
"May 25, 2018",89.6,89.6,89.6,89.6,-,-0.17%
"May 24, 2018",89.75,89.75,89.75,89.75,-,0.34%
"May 23, 2018",89.45,89.45,89.45,89.45,-,-0.22%
"May 22, 2018",89.65,89.65,89.65,89.65,-,0.06%
"May 21, 2018",89.6,89.6,89.6,89.6,0.01K,0.00%
"May 18, 2018",89.6,89.6,89.6,89.6,-,-0.67%
"May 17, 2018",90.2,90.2,90.2,90.2,-,0.56%
"May 16, 2018",89.7,89.7,89.7,89.7,-,0.22%
"May 15, 2018",89.5,89.5,89.5,89.5,0.01K,-0.17%
"May 14, 2018",89.65,89.65,89.65,89.65,-,1.36%
"May 11, 2018",88.45,88.45,88.45,88.45,0.02K,0.40%
"May 10, 2018",88.1,88,88,88,0.02K,1.15%
"May 09, 2018",87.1,87.1,87.1,87.1,0.01K,0.40%
"May 08, 2018",86.75,86.75,86.75,86.75,0.06K,1.76%
"May 07, 2018",85.25,85.25,85.25,85.25,-,0.00%
"May 04, 2018",85.25,85.4,85.4,85.4,0.04K,0.06%
"May 03, 2018",85.2,85.1,85.1,85.1,0.00K,0.12%
"May 02, 2018",85.1,85,85,84.9,0.05K,-0.23%
"May 01, 2018",85.3,85.3,85.3,85.3,0.01K,0.12%
"Apr 30, 2018",85.2,85.25,85.25,85.25,0.08K,4.16%
"Apr 27, 2018",81.8,81.8,81.8,81.8,-,0.12%
"Apr 26, 2018",81.7,81.7,81.7,81.7,-,-0.12%
"Apr 25, 2018",81.8,81.8,81.8,81.8,-,0.00%
"Apr 24, 2018",81.8,81.8,81.8,81.8,-,-0.18%
"Apr 23, 2018",81.95,81.95,81.95,81.95,-,0.18%
"Apr 20, 2018",81.8,81.8,81.8,81.8,-,0.00%
"Apr 19, 2018",81.8,81.8,81.8,81.8,0.03K,0.62%
"Apr 18, 2018",81.3,81.3,81.3,81.3,0.01K,0.18%
"Apr 17, 2018",81.15,82,82,81,0.02K,-0.86%
"Apr 16, 2018",81.85,81.85,81.85,81.85,0.07K,0.06%
"Apr 13, 2018",81.8,81.8,81.8,81.8,0.00K,-0.18%
"Apr 12, 2018",81.95,81.95,81.95,81.95,0.02K,-0.36%
"Apr 11, 2018",82.25,82.25,82.25,82.25,0.05K,0.12%
"Apr 10, 2018",82.15,82.15,82.15,82.15,0.06K,0.06%
"Apr 09, 2018",82.1,82,82,82,0.14K,1.11%
"Apr 06, 2018",81.2,81.2,81.2,81.2,0.04K,0.81%
"Apr 05, 2018",80.55,80.55,80.55,80.55,0.10K,0.81%
"Apr 04, 2018",79.9,79.9,79.9,79.9,0.21K,-0.99%
"Apr 03, 2018",80.7,78.75,80,78.75,0.28K,1.51%
"Mar 29, 2018",79.5,79.5,79.5,79.5,-,0.13%
"Mar 28, 2018",79.4,79.4,79.4,79.4,-,0.06%
"Mar 27, 2018",79.35,79.7,79.7,79.7,0.01K,-0.13%
"Mar 26, 2018",79.45,79.45,79.45,79.45,-,-0.13%
"Mar 23, 2018",79.55,79.55,79.55,79.55,-,-0.81%
"Mar 22, 2018",80.2,80.2,80.2,80.2,0.01K,-0.25%
"Mar 21, 2018",80.4,80.5,80.5,80.5,0.03K,-0.12%
"Mar 20, 2018",80.5,80.5,80.5,80.5,-,1.26%
"Mar 19, 2018",79.5,79.5,79.5,79.5,0.04K,-0.63%
"Mar 16, 2018",80,80,80,80,0.07K,-1.17%
"Mar 15, 2018",80.95,80.75,80.75,80.75,0.01K,-0.12%
"Mar 14, 2018",81.05,81.2,81.2,80.7,0.05K,-0.37%
"Mar 13, 2018",81.35,81.35,81.35,81.35,0.02K,0.49%
"Mar 12, 2018",80.95,80.95,80.95,80.95,0.07K,-0.43%
"Mar 09, 2018",81.3,81.25,81.25,81.25,0.03K,0.25%
"Mar 08, 2018",81.1,81.75,81.75,81.1,0.34K,-0.49%
"Mar 07, 2018",81.5,81,81.5,81,0.24K,0.49%
"Mar 06, 2018",81.1,80.5,81.25,80.5,0.08K,1.31%
"Mar 05, 2018",80.05,78,80,77.75,0.10K,1.39%
"Mar 02, 2018",78.95,78,79.1,77.9,0.24K,-0.32%
"Mar 01, 2018",79.2,80,80,79.5,0.08K,-2.88%
"Feb 28, 2018",81.55,82.1,82.1,81,0.06K,-0.61%
"Feb 27, 2018",82.05,81.6,82.25,81.6,0.29K,-1.80%
"Feb 26, 2018",83.55,86.4,86.4,83.5,0.13K,-2.62%
"Feb 23, 2018",85.8,85.8,85.8,85.8,-,-0.23%
"Feb 22, 2018",86,86,86,86,-,0.47%
"Feb 21, 2018",85.6,85.6,85.6,85.6,-,-0.06%
"Feb 20, 2018",85.65,85.65,85.65,85.65,0.05K,0.53%
"Feb 19, 2018",85.2,85.2,85.2,85.2,-,0.06%
"Feb 16, 2018",85.15,85.15,85.15,85.15,0.02K,0.29%
"Feb 15, 2018",84.9,84.9,84.9,84.9,-,-0.18%
"Feb 14, 2018",85.05,85.05,85.05,85.05,-,0.71%
"Feb 13, 2018",84.45,84.45,84.45,84.45,0.04K,2.43%
"Feb 12, 2018",82.45,82.45,82.45,82.45,0.02K,0.24%
"Feb 09, 2018",82.25,82.25,82.25,82.25,0.01K,-1.67%
"Feb 08, 2018",83.65,83.65,83.65,83.65,0.12K,-2.34%
"Feb 07, 2018",85.65,85.7,85.7,85.7,0.09K,0.18%
"Feb 06, 2018",85.5,86.55,86.55,86.55,0.08K,-2.01%
"Feb 05, 2018",87.25,87.25,87.25,87.25,0.06K,-1.30%
"Feb 02, 2018",88.4,88.4,88.4,88.4,0.03K,0.74%
"Feb 01, 2018",87.75,88.5,88.5,88.25,0.09K,-2.06%
"Jan 31, 2018",89.6,90.4,90.4,89.9,0.03K,-1.38%
"Jan 30, 2018",90.85,90.85,90.85,90.85,0.04K,-0.38%
"Jan 29, 2018",91.2,92.5,92.5,92.5,0.10K,-4.30%
"Jan 26, 2018",95.3,95.3,95.3,95.3,0.01K,0.11%
"Jan 25, 2018",95.2,95.2,95.2,95.2,0.01K,0.05%
"Jan 24, 2018",95.15,95.15,95.15,95.15,0.00K,-0.10%
"Jan 23, 2018",95.25,95.25,95.25,95.25,0.01K,0.00%
"Jan 22, 2018",95.25,95.25,95.25,95.25,0.02K,0.05%
"Jan 19, 2018",95.2,95.2,95.2,95.2,0.03K,0.21%
"Jan 18, 2018",95,95,95,95,0.08K,-0.21%
"Jan 17, 2018",95.2,95.2,95.2,95.2,0.02K,-0.16%
"Jan 16, 2018",95.35,95.35,95.35,95.35,0.11K,-0.16%
"Jan 15, 2018",95.5,95.5,95.5,95.5,0.10K,-0.05%
"Jan 12, 2018",95.55,95.7,95.7,95.7,0.09K,0.16%
"Jan 11, 2018",95.4,95.4,95.4,95.4,0.05K,-0.26%
"Jan 10, 2018",95.65,95.65,95.65,95.65,0.10K,-0.47%
"Jan 09, 2018",96.1,96.1,96.1,96.1,0.08K,-0.36%
"Jan 08, 2018",96.45,96.7,96.7,96.6,0.12K,0.21%
"Jan 05, 2018",96.25,96.25,96.25,96.25,0.09K,0.10%
"Jan 04, 2018",96.15,96,96,96,0.10K,-0.31%
"Jan 03, 2018",96.45,97.5,97.5,97.5,0.07K,-0.21%
"Jan 02, 2018",96.65,96.65,96.65,96.65,0.06K,1.95%
"Dec 29, 2017",94.8,94.8,94.8,94.8,-,0.00%
"Dec 28, 2017",94.8,94.8,94.8,94.8,-,0.00%
"Dec 27, 2017",94.8,94.8,94.8,94.8,-,0.00%
"Dec 26, 2017",94.8,94.8,94.8,94.8,-,0.00%
"Dec 22, 2017",94.8,94.8,94.8,94.8,-,0.00%
"Dec 21, 2017",94.8,94.8,94.8,94.8,0.05K,-0.05%
"Dec 20, 2017",94.85,94.85,94.85,94.85,-,0.00%
"Dec 19, 2017",94.85,94.85,94.85,94.85,-,-0.26%
"Dec 18, 2017",95.1,95.1,95.1,95.1,-,-0.05%
"Dec 15, 2017",95.15,95.15,95.15,95.15,-,0.05%
"Dec 14, 2017",95.1,95.1,95.1,95.1,-,0.11%
"Dec 13, 2017",95,95,95,95,-,-0.31%
"Dec 12, 2017",95.3,95.4,95.65,95.25,0.08K,0.63%
"Dec 11, 2017",94.7,94.5,94.5,94.5,0.01K,0.32%
"Dec 08, 2017",94.4,93.85,94,93.85,0.02K,0.75%
"Dec 07, 2017",93.7,93.7,93.7,93.7,0.01K,-0.21%
"Dec 06, 2017",93.9,93.25,93.25,93.25,0.03K,0.59%
"Dec 05, 2017",93.35,93.75,93.75,93.75,0.00K,-0.21%
"Dec 04, 2017",93.55,93.4,93.4,93.4,0.07K,0.92%
"Dec 01, 2017",92.7,92.7,92.7,92.7,-,0.00%
"Nov 30, 2017",92.7,93,93,92.65,0.10K,-0.32%
"Nov 29, 2017",93,92.9,93,92.9,0.04K,1.03%
"Nov 28, 2017",92.05,91.9,92,91.9,0.17K,0.22%
"Nov 27, 2017",91.85,91.75,91.75,91.75,0.10K,-2.60%
"Nov 24, 2017",94.3,94.3,94.3,94.3,-,0.21%
"Nov 23, 2017",94.1,94.1,94.1,94.1,-,0.21%
"Nov 22, 2017",93.9,93.9,93.9,93.9,-,0.11%
"Nov 21, 2017",93.8,93.8,93.8,93.8,-,-0.27%
"Nov 20, 2017",94.05,94.05,94.05,94.05,-,0.27%
"Nov 17, 2017",93.8,93.8,93.8,93.8,0.01K,-0.16%
"Nov 16, 2017",93.95,93.95,93.95,93.95,-,0.11%
"Nov 15, 2017",93.85,93.85,93.85,93.85,-,-0.42%
"Nov 14, 2017",94.25,94.25,94.25,94.25,-,-0.53%
"Nov 13, 2017",94.75,94.75,94.75,94.75,-,-0.63%
"Nov 10, 2017",95.35,95.35,95.35,95.35,-,0.69%
"Nov 09, 2017",94.7,94.7,94.7,94.7,-,-0.26%
"Nov 08, 2017",94.95,94.75,94.75,94.25,0.03K,0.16%
"Nov 07, 2017",94.8,94.8,94.8,94.8,0.05K,0.05%
"Nov 06, 2017",94.75,95,95,95,0.01K,0.80%
"Nov 03, 2017",94,94,94,94,0.06K,-1.10%
"Nov 02, 2017",95.05,95.05,95.05,95.05,0.02K,-0.21%
"Nov 01, 2017",95.25,95.25,95.25,95.25,-,0.47%
"Oct 31, 2017",94.8,93.5,94.25,93.5,0.05K,1.88%
"Oct 30, 2017",93.05,92.75,93,92.75,0.07K,0.76%
"Oct 27, 2017",92.35,92.35,92.35,92.35,-,0.22%
"Oct 26, 2017",92.15,92.15,92.15,92.15,-,0.22%
"Oct 25, 2017",91.95,91.95,91.95,91.95,-,-0.43%
"Oct 24, 2017",92.35,92.35,92.35,92.35,0.02K,0.60%
"Oct 23, 2017",91.8,91.8,91.8,91.8,0.02K,-0.16%
"Oct 20, 2017",91.95,92,92,92,0.01K,0.11%
"Oct 19, 2017",91.85,91.85,91.85,91.85,0.01K,-0.70%
"Oct 18, 2017",92.5,92.5,92.5,92.5,0.03K,0.22%
"Oct 17, 2017",92.3,92,92,92,0.03K,0.27%
"Oct 16, 2017",92.05,92,92,92,0.02K,0.93%
"Oct 13, 2017",91.2,91.2,91.2,91.2,0.03K,-0.22%
"Oct 12, 2017",91.4,91,91.25,91,0.02K,0.94%
"Oct 11, 2017",90.55,90.6,90.7,90,0.10K,-0.33%
"Oct 10, 2017",90.85,90.85,90.85,90.85,0.07K,0.06%
"Oct 09, 2017",90.8,90.25,90.25,90.25,0.02K,0.00%
"Oct 06, 2017",90.8,91,91,90.95,0.06K,-1.57%
"Oct 05, 2017",92.25,92.25,92.25,92.25,0.01K,-0.27%
"Oct 04, 2017",92.5,92.85,92.9,92.85,0.07K,0.76%
"Oct 03, 2017",91.8,91.8,91.8,91.8,0.07K,1.27%
"Oct 02, 2017",90.65,90.65,90.65,90.65,0.01K,-0.82%
"Sep 29, 2017",91.4,91.4,91.4,91.4,-,-0.05%
"Sep 28, 2017",91.45,91.45,91.45,91.45,-,-0.05%
"Sep 27, 2017",91.5,91.5,91.5,91.5,-,-0.27%
"Sep 26, 2017",91.75,91.75,91.75,91.75,0.01K,-1.08%
"Sep 25, 2017",92.75,92.75,92.75,92.75,0.01K,1.09%
"Sep 22, 2017",91.75,91.75,91.75,91.75,-,0.16%
"Sep 21, 2017",91.6,91.6,91.6,91.6,0.01K,-0.70%
"Sep 20, 2017",92.25,92.25,92.25,92.25,0.05K,-0.11%
"Sep 19, 2017",92.35,92.35,92.35,92.35,0.01K,0.76%
"Sep 18, 2017",91.65,91.65,91.65,91.65,-,-0.05%
"Sep 15, 2017",91.7,91.7,91.7,91.7,0.01K,-0.11%
"Sep 14, 2017",91.8,91.8,91.8,91.8,0.04K,0.60%
"Sep 13, 2017",91.25,91.25,91.25,91.25,0.01K,1.39%
"Sep 12, 2017",90,90,90,90,0.01K,-0.17%
"Sep 11, 2017",90.15,90.15,90.15,90.15,0.03K,0.39%
"Sep 08, 2017",89.8,89.8,89.8,89.8,0.02K,0.73%
"Sep 07, 2017",89.15,89.15,89.15,89.15,0.17K,0.00%
"Sep 06, 2017",89.15,89.15,89.15,89.15,0.07K,0.00%
"Sep 05, 2017",89.15,89.15,89.15,89.15,0.04K,0.62%
"Sep 04, 2017",88.6,88.2,88.35,88.2,0.02K,0.62%
"Sep 01, 2017",88.05,87.8,88.4,87.8,0.03K,0.46%
"Aug 31, 2017",87.65,88.25,88.25,88,0.08K,-1.63%
"Aug 30, 2017",89.1,89,89,89,0.17K,-0.50%
"Aug 29, 2017",89.55,89.9,89.9,89.25,0.13K,0.62%
"Aug 28, 2017",89,89,89,89,-,4.40%
"Aug 25, 2017",85.25,85.25,85.25,85.25,-,0.12%
"Aug 24, 2017",85.15,85.15,85.15,85.15,-,-0.29%
"Aug 23, 2017",85.4,85.4,85.4,85.4,-,0.18%
"Aug 22, 2017",85.25,85.25,85.25,85.25,-,0.06%
"Aug 21, 2017",85.2,85.2,85.2,85.2,0.01K,-1.22%
"Aug 18, 2017",86.25,86.25,86.25,86.25,-,0.17%
"Aug 17, 2017",86.1,86.1,86.1,86.1,-,0.88%
"Aug 16, 2017",85.35,85.35,85.35,85.35,0.18K,0.71%
"Aug 15, 2017",84.75,84.75,84.75,84.75,-,-0.76%
"Aug 14, 2017",85.4,85.4,85.4,85.4,-,0.35%
"Aug 11, 2017",85.1,85.1,85.1,85.1,0.01K,0.83%
"Aug 10, 2017",84.4,84.4,84.4,84.4,0.04K,0.36%
"Aug 09, 2017",84.1,84.05,84.05,84.05,0.02K,0.72%
"Aug 08, 2017",83.5,83.65,83.65,83.55,0.20K,-0.60%
"Aug 07, 2017",84,84,84,84,-,0.48%
"Aug 04, 2017",83.6,83.6,83.6,83.6,0.03K,0.97%
"Aug 03, 2017",82.8,82.2,82.6,82.2,0.01K,0.85%
"Aug 02, 2017",82.1,82,82,82,0.09K,-0.18%
"Aug 01, 2017",82.25,82.95,82.95,82.95,0.02K,-1.20%
"Jul 31, 2017",83.25,83.25,83.25,83.25,0.08K,-0.30%
"Jul 28, 2017",83.5,83.5,83.5,83.5,-,0.00%
"Jul 27, 2017",83.5,83.5,83.5,83.5,-,0.00%
"Jul 26, 2017",83.5,83.5,83.5,83.5,-,-0.06%
"Jul 25, 2017",83.55,83.55,83.55,83.55,-,0.12%
"Jul 24, 2017",83.45,83.45,83.45,83.45,-,-0.18%
"Jul 21, 2017",83.6,83.6,83.6,83.6,-,0.24%
"Jul 20, 2017",83.4,83.4,83.4,83.4,-,0.48%
"Jul 19, 2017",83,83,83,83,0.01K,-0.48%
"Jul 18, 2017",83.4,83.4,83.4,83.4,0.04K,-0.12%
"Jul 17, 2017",83.5,83.5,83.5,83.5,0.10K,0.24%
"Jul 14, 2017",83.3,83.3,83.3,83.3,0.04K,0.18%
"Jul 13, 2017",83.15,84.15,84.15,83.25,0.09K,-1.36%
"Jul 12, 2017",84.3,84.5,84.5,84.5,0.01K,-0.41%
"Jul 11, 2017",84.65,84.65,84.65,84.65,-,0.00%
"Jul 10, 2017",84.65,84.9,84.9,84.9,0.02K,-0.94%
"Jul 07, 2017",85.45,85.45,85.45,85.45,0.05K,-0.06%
"Jul 06, 2017",85.5,84.4,85.5,84.4,0.46K,1.73%
"Jul 05, 2017",84.05,84.05,84.05,84.05,0.05K,2.81%
"Jul 04, 2017",81.75,81.75,81.75,81.75,0.04K,1.30%
"Jul 03, 2017",80.7,80.7,80.7,80.7,0.05K,2.15%
"Jun 30, 2017",79,79,79,79,-,0.00%
"Jun 29, 2017",79,79,79,79,-,-0.06%
"Jun 28, 2017",79.05,79.05,79.05,79.05,-,-0.06%
"Jun 27, 2017",79.1,79.1,79.1,79.1,-,0.25%
"Jun 26, 2017",78.9,78.9,78.9,78.9,-,0.06%
"Jun 23, 2017",78.85,78.85,78.85,78.85,-,-0.06%
"Jun 22, 2017",78.9,78.9,78.9,78.9,-,-0.19%
"Jun 21, 2017",79.05,79.05,79.05,79.05,-,0.00%
"Jun 20, 2017",79.05,79.05,79.05,79.05,-,-0.13%
"Jun 19, 2017",79.15,79.15,79.15,79.15,-,0.76%
"Jun 16, 2017",78.55,78.55,78.55,78.55,0.01K,0.32%
"Jun 15, 2017",78.3,78.3,78.3,78.3,-,0.19%
"Jun 14, 2017",78.15,78.15,78.15,78.15,0.01K,-0.76%
"Jun 13, 2017",78.75,78.75,78.75,78.75,-,0.13%
"Jun 12, 2017",78.65,78.65,78.65,78.65,-,0.13%
"Jun 09, 2017",78.55,78.5,78.75,78.5,0.01K,0.06%
"Jun 08, 2017",78.5,78.25,78.25,78.25,0.08K,0.83%
"Jun 07, 2017",77.85,78,78.25,78,0.03K,0.58%
"Jun 06, 2017",77.4,78,78.15,77.45,0.01K,-0.58%
"Jun 05, 2017",77.85,77.75,77.75,77.75,0.00K,0.45%
"Jun 02, 2017",77.5,77.5,77.5,77.5,0.04K,0.26%
"Jun 01, 2017",77.3,76.8,77.1,76.7,0.11K,0.98%
"May 31, 2017",76.55,77,77,77,0.10K,-1.54%
"May 30, 2017",77.75,77.75,77.75,77.75,0.17K,2.03%
"May 29, 2017",76.2,76.2,76.2,76.2,-,2.70%
"May 26, 2017",74.2,74.2,74.2,74.2,-,0.00%
"May 25, 2017",74.2,74.2,74.2,74.2,-,-0.07%
"May 24, 2017",74.25,74.25,74.25,74.25,-,0.00%
"May 23, 2017",74.25,74.25,74.25,74.25,-,-0.93%
"May 22, 2017",74.95,74.95,74.95,74.95,-,1.01%
"May 19, 2017",74.2,74.2,74.2,74.2,-,0.13%
"May 18, 2017",74.1,74.1,74.1,74.1,-,0.75%
"May 17, 2017",73.55,73.55,73.55,73.55,-,0.41%
"May 16, 2017",73.25,73.25,73.25,73.25,0.01K,0.69%
"May 15, 2017",72.75,72.75,72.75,72.75,0.01K,0.07%
"May 12, 2017",72.7,72.7,72.7,72.7,0.01K,0.07%
"May 11, 2017",72.65,72.65,72.65,72.65,-,-0.62%
"May 10, 2017",73.1,73.1,73.1,73.1,0.01K,0.41%
"May 09, 2017",72.8,72.8,72.8,72.8,0.07K,0.14%
"May 08, 2017",72.7,72.7,72.7,72.7,0.01K,-1.09%
"May 05, 2017",73.5,73.25,73.25,73.25,0.01K,-0.07%
"May 04, 2017",73.55,73.55,73.55,73.55,0.04K,-0.81%
"May 03, 2017",74.15,74,74,74,0.08K,-0.20%
"May 02, 2017",74.3,74.1,74.2,74.1,0.01K,0.00%
"May 01, 2017",74.3,74.3,74.3,74.3,-,-1.59%
"Apr 28, 2017",75.5,75.5,75.5,75.5,-,-0.53%
"Apr 27, 2017",75.9,75.9,75.9,75.9,0.01K,0.73%
"Apr 26, 2017",75.35,75.35,75.35,75.35,-,0.13%
"Apr 25, 2017",75.25,75.4,75.4,75.35,0.02K,0.00%
"Apr 24, 2017",75.25,75.45,75.45,75.45,0.03K,-0.27%
"Apr 21, 2017",75.45,75.45,75.45,75.45,-,-0.13%
"Apr 20, 2017",75.55,75.55,75.55,75.55,0.02K,0.33%
"Apr 19, 2017",75.3,75.3,75.3,75.3,0.03K,-0.46%
"Apr 18, 2017",75.65,75.65,75.65,75.65,-,0.27%
"Apr 17, 2017",75.45,75.45,75.45,75.45,-,0.00%
"Apr 13, 2017",75.45,75.45,75.45,75.45,0.02K,0.73%
"Apr 12, 2017",74.9,74.9,74.9,74.9,0.02K,-0.27%
"Apr 11, 2017",75.1,75.1,75.1,75.1,0.02K,-0.53%
"Apr 10, 2017",75.5,76.05,76.05,75.5,0.01K,-1.50%
"Apr 07, 2017",76.65,76.65,76.65,76.65,0.01K,-1.48%
"Apr 06, 2017",77.8,77.8,77.8,77.8,0.03K,0.71%
"Apr 05, 2017",77.25,77.1,77.1,77.1,0.05K,1.44%
"Apr 04, 2017",76.15,77.1,77.9,77.1,0.17K,-0.85%
"Apr 03, 2017",76.8,76.8,76.8,76.8,0.07K,3.50%
"Mar 31, 2017",74.2,74.2,74.2,74.2,-,0.68%
"Mar 30, 2017",73.7,73.7,73.7,73.7,-,0.00%
"Mar 29, 2017",73.7,73.7,73.7,73.7,-,0.00%
"Mar 28, 2017",73.7,73.7,73.7,73.7,-,0.20%
"Mar 27, 2017",73.55,73.55,73.55,73.55,-,0.14%
"Mar 24, 2017",73.45,74,74,74,0.03K,-0.47%
"Mar 23, 2017",73.8,73.8,73.8,73.8,-,0.20%
"Mar 22, 2017",73.65,73.65,73.65,73.65,-,-0.20%
"Mar 21, 2017",73.8,73.8,73.8,73.8,-,-0.47%
"Mar 20, 2017",74.15,74.15,74.15,74.15,-,-0.94%
"Mar 17, 2017",74.85,74.85,74.85,74.85,-,0.20%
"Mar 16, 2017",74.7,74.7,74.7,74.7,-,-0.60%
"Mar 15, 2017",75.15,75.15,75.15,75.15,-,-0.13%
"Mar 14, 2017",75.25,75.25,75.25,75.25,-,-0.79%
"Mar 13, 2017",75.85,75.85,75.85,75.85,-,0.66%
"Mar 10, 2017",75.35,75.6,75.6,75.3,0.00K,0.87%
"Mar 09, 2017",74.7,74.7,74.7,74.7,-,-1.84%
"Mar 08, 2017",76.1,76.1,76.1,76.1,0.10K,0.40%
"Mar 07, 2017",75.8,75.8,75.8,75.8,-,-1.30%
"Mar 06, 2017",76.8,76.8,76.8,76.8,0.02K,-0.13%
"Mar 03, 2017",76.9,77.55,77.55,77,0.12K,-1.35%
"Mar 02, 2017",77.95,78,78,77.85,0.11K,-1.08%
"Mar 01, 2017",78.8,78.1,78.65,78.1,0.24K,1.16%
"Feb 28, 2017",77.9,78.1,78.15,77.9,0.06K,-0.95%
"Feb 27, 2017",78.65,79.05,79.05,78.4,0.05K,-4.20%
"Feb 24, 2017",82.1,82.1,82.1,82.1,-,0.00%
"Feb 23, 2017",82.1,82.1,82.1,82.1,-,0.00%
"Feb 22, 2017",82.1,82.1,82.1,82.1,-,-0.12%
"Feb 21, 2017",82.2,82.2,82.2,82.2,-,0.00%
"Feb 20, 2017",82.2,82.2,82.2,82.2,0.01K,0.49%
"Feb 17, 2017",81.8,81.8,81.8,81.8,0.01K,0.06%
"Feb 16, 2017",81.75,81.75,81.75,81.75,0.01K,0.31%
"Feb 15, 2017",81.5,81.5,81.5,81.5,0.02K,1.24%
"Feb 14, 2017",80.5,80.25,80.75,80.25,0.07K,0.00%
"Feb 13, 2017",80.5,80.45,80.45,80.45,0.06K,-0.86%
"Feb 10, 2017",81.2,81.05,81.1,81,0.08K,-1.93%
"Feb 09, 2017",82.8,82.8,82.8,82.8,0.02K,-0.36%
"Feb 08, 2017",83.1,83.75,83.75,83.7,0.10K,-1.19%
"Feb 07, 2017",84.1,84.1,84.1,84.1,0.02K,-0.24%
"Feb 06, 2017",84.3,84.15,84.3,84.15,0.38K,-0.30%
"Feb 03, 2017",84.55,84.55,84.55,84.55,0.05K,-0.65%
"Feb 02, 2017",85.1,85.25,85.3,85.25,0.12K,0.53%
"Feb 01, 2017",84.65,85.7,85.7,85.5,0.20K,-0.76%
"Jan 31, 2017",85.3,83.75,83.75,83.75,0.23K,3.65%
"Jan 30, 2017",82.3,82,82.5,82,0.17K,-7.01%
"Jan 27, 2017",88.5,88.6,88.6,88.5,0.05K,0.00%
"Jan 26, 2017",88.5,88.5,88.5,88.5,0.01K,-0.39%
"Jan 25, 2017",88.85,88.85,88.85,88.85,0.01K,-0.39%
"Jan 24, 2017",89.2,89.2,89.2,89.2,0.01K,-0.11%
"Jan 23, 2017",89.3,90,90,89.6,0.01K,0.11%
"Jan 20, 2017",89.2,89.2,89.2,89.2,-,0.73%
"Jan 19, 2017",88.55,88.55,88.55,88.55,0.01K,-1.56%
"Jan 18, 2017",89.95,89.95,89.95,89.95,0.01K,0.17%
"Jan 17, 2017",89.8,89.8,89.8,89.8,-,1.99%
"Jan 16, 2017",88.05,88.05,88.05,88.05,0.01K,-0.17%
"Jan 13, 2017",88.2,88.2,88.2,88.2,0.02K,-0.45%
"Jan 12, 2017",88.6,88.6,88.6,88.5,0.19K,-0.11%
"Jan 11, 2017",88.7,88.75,88.75,88.75,0.02K,2.66%
"Jan 10, 2017",86.4,86.4,86.4,86.4,0.02K,2.80%
"Jan 09, 2017",84.05,84.05,84.05,84.05,0.05K,-0.83%
"Jan 06, 2017",84.75,84.75,84.75,84.75,0.05K,-1.17%
"Jan 05, 2017",85.75,85.75,85.75,85.75,0.08K,1.84%
"Jan 04, 2017",84.2,83.25,83.75,83.25,0.10K,2.06%
"Jan 03, 2017",82.5,84,84,82.5,0.08K,-8.54%
"Dec 30, 2016",90.2,90.2,90.2,90.2,-,-0.44%
"Dec 29, 2016",90.6,90.6,90.6,90.6,-,0.00%
"Dec 28, 2016",90.6,90.6,90.6,90.6,-,0.61%
"Dec 27, 2016",90.05,90.05,90.05,90.05,-,0.00%
"Dec 23, 2016",90.05,90.05,90.05,90.05,-,0.06%
"Dec 22, 2016",90,90,90,90,-,-0.28%
"Dec 21, 2016",90.25,90.25,90.25,90.25,-,0.28%
"Dec 20, 2016",90,90,90,90,0.01K,1.07%
"Dec 19, 2016",89.05,89,89,89,0.01K,-0.39%
"Dec 16, 2016",89.4,89.4,89.4,89.4,-,-0.78%
"Dec 15, 2016",90.1,90.1,90.1,90.1,0.01K,1.35%
"Dec 14, 2016",88.9,88.9,88.9,88.9,0.08K,1.54%
"Dec 13, 2016",87.55,87.55,87.55,87.55,-,1.21%
"Dec 12, 2016",86.5,86.2,86.2,86.2,0.04K,3.04%
"Dec 09, 2016",83.95,83.95,83.95,83.95,0.03K,1.63%
"Dec 08, 2016",82.6,82.6,82.6,82.6,0.01K,2.42%
"Dec 07, 2016",80.65,80.5,80.5,80,0.09K,1.77%
"Dec 06, 2016",79.25,79.25,79.25,79.25,0.13K,-4.63%
"Dec 05, 2016",83.1,83.1,83.1,83.1,0.04K,-1.19%
"Dec 02, 2016",84.1,84.15,84.15,84.15,0.17K,-1.23%
"Dec 01, 2016",85.15,85.15,85.15,85.15,0.09K,-0.53%
"Nov 30, 2016",85.6,85.6,85.6,85.6,0.14K,1.00%
"Nov 29, 2016",84.75,84.75,84.75,84.75,0.07K,0.47%
"Nov 28, 2016",84.35,84.35,84.35,84.35,0.04K,-3.05%
"Nov 25, 2016",87,87,87,87,-,0.40%
"Nov 24, 2016",86.65,86.65,86.65,86.65,0.02K,1.88%
"Nov 23, 2016",85.05,85.05,85.05,85.05,-,-2.41%
"Nov 22, 2016",87.15,87.15,87.15,87.15,0.03K,0.40%
"Nov 21, 2016",86.8,86.8,86.8,86.8,-,0.52%
"Nov 18, 2016",86.35,86.35,86.35,86.35,0.01K,-0.17%
"Nov 17, 2016",86.5,86.5,86.5,86.5,0.01K,0.00%
"Nov 16, 2016",86.5,87,87,86.5,0.02K,-1.93%
"Nov 15, 2016",88.2,88.2,88.2,88.2,0.01K,0.28%
"Nov 14, 2016",87.95,87.95,87.95,87.95,0.03K,-1.62%
"Nov 11, 2016",89.4,89.4,89.4,89.4,0.06K,0.56%
"Nov 10, 2016",88.9,88.9,88.9,88.9,0.02K,-0.73%
"Nov 09, 2016",89.55,89.55,89.55,89.55,0.07K,2.81%
"Nov 08, 2016",87.1,87,87,87,0.15K,-0.74%
"Nov 07, 2016",87.75,88,88,88,0.02K,0.80%
"Nov 04, 2016",87.05,87.05,87.05,87.05,0.20K,1.81%
"Nov 03, 2016",85.5,85.6,86,85.6,0.07K,1.06%
"Nov 02, 2016",84.6,85,85.75,85,0.03K,-1.51%
"Nov 01, 2016",85.9,86.3,86.3,86,0.07K,1.84%
"Oct 31, 2016",84.35,84.35,84.35,84.35,0.06K,6.03%
"Oct 28, 2016",79.55,79.55,79.55,79.55,-,0.13%
"Oct 27, 2016",79.45,79.45,79.45,79.45,-,-0.06%
"Oct 26, 2016",79.5,79.5,79.5,79.5,-,0.32%
"Oct 25, 2016",79.25,79.25,79.25,79.25,-,0.00%
"Oct 24, 2016",79.25,79.25,79.25,79.25,-,0.13%
"Oct 21, 2016",79.15,79.15,79.15,79.15,-,0.83%
"Oct 20, 2016",78.5,78.5,78.5,78.5,-,0.32%
"Oct 19, 2016",78.25,79.8,79.8,79.5,0.02K,-2.31%
"Oct 18, 2016",80.1,80.1,80.1,80.1,0.02K,3.42%
"Oct 17, 2016",77.45,77.45,77.45,77.45,-,2.24%
"Oct 14, 2016",75.75,75.75,75.75,75.75,0.03K,1.00%
"Oct 13, 2016",75,75.6,75.6,75.6,0.06K,0.13%
"Oct 12, 2016",74.9,74.4,75,74.4,0.02K,0.81%
"Oct 11, 2016",74.3,74.25,74.45,74.2,0.01K,-1.78%
"Oct 10, 2016",75.65,75.65,75.65,75.65,0.02K,-1.43%
"Oct 07, 2016",76.75,77,77,77,0.08K,-0.58%
"Oct 06, 2016",77.2,77.2,77.2,77.2,0.09K,1.98%
"Oct 05, 2016",75.7,75.7,75.7,75.7,0.12K,0.13%
"Oct 04, 2016",75.6,75.6,75.6,75.6,0.01K,1.14%
"Oct 03, 2016",74.75,73.1,73.5,73.1,0.04K,19.03%
"Sep 30, 2016",62.8,62.8,62.8,62.8,-,-0.08%
"Sep 29, 2016",62.85,62.85,62.85,62.85,-,0.08%
"Sep 28, 2016",62.8,62.8,62.8,62.8,0.01K,0.88%
"Sep 27, 2016",62.25,62.25,62.25,62.25,0.01K,-0.48%
"Sep 26, 2016",62.55,62.55,62.55,62.55,-,-0.08%
"Sep 23, 2016",62.6,62.6,62.6,62.6,-,0.81%
"Sep 22, 2016",62.1,62.1,62.1,62.1,0.01K,-0.24%
"Sep 21, 2016",62.25,62.25,62.25,62.25,0.02K,1.22%
"Sep 20, 2016",61.5,61.5,61.5,61.5,-,0.00%
"Sep 19, 2016",61.5,61.5,61.5,61.5,0.01K,0.65%
"Sep 16, 2016",61.1,61.1,61.1,61.1,0.02K,0.00%
"Sep 15, 2016",61.1,61.1,61.1,61.1,0.01K,0.99%
"Sep 14, 2016",60.5,60.5,60.5,60.5,-,-0.49%
"Sep 13, 2016",60.8,60.8,60.8,60.8,-,0.75%
"Sep 12, 2016",60.35,60.35,60.35,60.35,0.05K,0.42%
"Sep 09, 2016",60.1,60.1,60.1,60.1,-,0.42%
"Sep 08, 2016",59.85,59.85,59.85,59.85,0.04K,-1.07%
"Sep 07, 2016",60.5,60.7,60.7,60.7,0.01K,-2.02%
"Sep 06, 2016",61.75,61.75,61.75,61.75,0.06K,0.32%
"Sep 05, 2016",61.55,61.55,61.55,61.55,0.07K,-0.57%
"Sep 02, 2016",61.9,61.9,61.9,61.9,0.04K,1.06%
"Sep 01, 2016",61.25,61.25,61.25,61.25,0.06K,-0.08%
"Aug 31, 2016",61.3,61.3,61.3,61.3,0.06K,0.16%
"Aug 30, 2016",61.2,61.2,61.2,61.2,-,2.43%
"Aug 29, 2016",59.75,59.75,59.75,59.75,-,-0.91%
"Aug 26, 2016",60.3,60.3,60.3,60.3,-,0.17%
"Aug 25, 2016",60.2,60.2,60.2,60.2,-,0.50%
"Aug 24, 2016",59.9,59.9,59.9,59.9,-,-0.25%
"Aug 23, 2016",60.05,60.05,60.05,60.05,-,-0.50%
"Aug 22, 2016",60.35,60.35,60.35,60.35,-,0.42%
"Aug 19, 2016",60.1,60.1,60.1,60.1,-,-0.66%
"Aug 18, 2016",60.5,60.5,60.5,60.5,-,-0.90%
"Aug 17, 2016",61.05,61.05,61.05,61.05,-,0.00%
"Aug 16, 2016",61.05,61.05,61.05,61.05,0.08K,0.08%
"Aug 15, 2016",61,61,61,61,0.01K,-0.73%
"Aug 12, 2016",61.45,61.45,61.45,61.45,0.01K,0.74%
"Aug 11, 2016",61,60.3,60.3,60.3,0.01K,2.18%
"Aug 10, 2016",59.7,59.7,59.7,59.7,0.03K,-1.81%
"Aug 09, 2016",60.8,60.8,60.8,60.8,0.01K,1.08%
"Aug 08, 2016",60.15,60.15,60.15,60.15,0.04K,4.16%
"Aug 05, 2016",57.75,58.75,58.75,58.35,0.15K,-2.37%
"Aug 04, 2016",59.15,60.4,60.4,60.25,0.13K,-3.19%
"Aug 03, 2016",61.1,61.2,61.2,61.1,0.15K,-0.81%
"Aug 02, 2016",61.6,61.6,61.6,61.6,0.05K,-0.24%
"Aug 01, 2016",61.75,61.75,61.75,61.75,0.10K,8.05%
"Jul 29, 2016",57.15,57.15,57.15,57.15,-,0.00%
"Jul 28, 2016",57.15,57.15,57.15,57.15,-,-0.09%
"Jul 27, 2016",57.2,57.2,57.2,57.2,-,0.18%
"Jul 26, 2016",57.1,57.1,57.1,57.1,0.01K,0.18%
"Jul 25, 2016",57,57,57,57,-,0.53%
"Jul 22, 2016",56.7,56.7,56.7,56.7,0.01K,-0.44%
"Jul 21, 2016",56.95,56.95,56.95,56.95,-,0.00%
"Jul 20, 2016",56.95,56.95,56.95,56.95,0.08K,-0.35%
"Jul 19, 2016",57.15,57.15,57.15,57.15,-,-0.78%
"Jul 18, 2016",57.6,57.6,57.6,57.6,0.04K,-0.60%
"Jul 15, 2016",57.95,57.95,57.95,57.95,0.05K,-0.26%
"Jul 14, 2016",58.1,58.1,58.1,58.1,0.01K,-0.17%
"Jul 13, 2016",58.2,58.2,58.2,58.2,0.01K,0.87%
"Jul 12, 2016",57.7,57.7,57.7,57.7,-,2.40%
"Jul 11, 2016",56.35,56.35,56.35,56.35,0.07K,-0.18%
"Jul 08, 2016",56.45,56.45,56.45,56.45,0.14K,-1.14%
"Jul 07, 2016",57.1,57.1,57.1,57.1,0.10K,0.97%
"Jul 06, 2016",56.55,56.55,56.55,56.55,0.02K,0.00%
"Jul 05, 2016",56.55,56.55,56.55,56.55,0.01K,-0.88%
"Jul 04, 2016",57.05,57.05,57.05,57.05,0.06K,1.15%
"Jul 01, 2016",56.4,56.4,56.4,56.4,-,2.55%
"Jun 30, 2016",55,55,55,55,-,2.33%
"Jun 29, 2016",53.75,53.75,53.75,53.75,0.02K,0.56%
"Jun 28, 2016",53.45,53.45,53.45,53.45,0.06K,0.85%
"Jun 27, 2016",53,53.15,53.15,53.15,0.04K,3.31%
"Jun 24, 2016",51.3,51.3,51.3,51.3,-,0.00%
"Jun 23, 2016",51.3,51.3,51.3,51.3,-,0.00%
"Jun 22, 2016",51.3,51.3,51.3,51.3,-,0.20%
"Jun 21, 2016",51.2,51.2,51.2,51.2,-,-0.58%
"Jun 20, 2016",51.5,51.5,51.5,51.5,-,1.18%
"Jun 17, 2016",50.9,51,51,51,0.00K,0.39%
"Jun 16, 2016",50.7,50.7,50.7,50.7,-,0.20%
"Jun 15, 2016",50.6,50.6,50.6,50.6,0.02K,0.30%
"Jun 14, 2016",50.45,50.45,50.45,50.45,-,0.10%
"Jun 13, 2016",50.4,50.4,50.4,50.4,0.02K,0.10%
"Jun 10, 2016",50.35,50.8,50.8,50.8,0.00K,-0.79%
"Jun 09, 2016",50.75,50.85,50.85,50.85,0.16K,-0.49%
"Jun 08, 2016",51,51,51,51,0.03K,-1.83%
"Jun 07, 2016",51.95,52,52,52,0.03K,-1.24%
"Jun 06, 2016",52.6,53,53,53,0.04K,1.54%
"Jun 03, 2016",51.8,51.9,51.9,51.9,0.02K,1.37%
"Jun 02, 2016",51.1,51.1,51.1,51.1,0.04K,0.69%
"Jun 01, 2016",50.75,50.75,50.75,50.75,0.03K,-0.78%
"May 31, 2016",51.15,51.15,51.15,51.15,0.02K,0.49%
"May 30, 2016",50.9,50.9,50.9,50.9,-,5.60%
"May 27, 2016",48.2,48.2,48.2,48.2,-,0.00%
"May 26, 2016",48.2,48.2,48.2,48.2,-,0.31%
"May 25, 2016",48.05,48.05,48.05,48.05,-,0.31%
"May 24, 2016",47.9,47.9,47.9,47.9,-,0.21%
"May 23, 2016",47.8,47.8,47.8,47.8,-,-0.42%
"May 20, 2016",48,48,48.15,48,0.06K,0.31%
"May 19, 2016",47.85,48,48,47.85,0.01K,-0.42%
"May 18, 2016",48.05,47.95,47.95,47.95,0.02K,-0.41%
"May 17, 2016",48.25,48.3,48.3,48.3,0.04K,0.10%
"May 16, 2016",48.2,48.2,48.2,48.2,0.00K,0.63%
"May 13, 2016",47.9,47.9,47.9,47.9,-,0.00%
"May 12, 2016",47.9,48.1,48.1,47.95,0.00K,0.10%
"May 11, 2016",47.85,47.7,47.75,47.7,0.01K,1.06%
"May 10, 2016",47.35,47.35,47.35,47.35,0.01K,0.32%
"May 09, 2016",47.2,47.3,47.3,47.3,0.01K,-0.11%
"May 06, 2016",47.25,47.2,47.4,47.2,0.03K,1.83%
"May 05, 2016",46.4,46.4,46.4,46.4,-,1.31%
"May 04, 2016",45.8,45.8,45.8,45.8,0.17K,0.77%
"May 03, 2016",45.45,45.45,45.45,45.45,0.11K,-0.87%
"May 02, 2016",45.85,45.85,45.85,45.85,-,0.22%
"Apr 29, 2016",45.75,45.75,45.75,45.75,-,0.00%
"Apr 28, 2016",45.75,45.75,45.75,45.75,-,0.11%
"Apr 27, 2016",45.7,45.7,45.7,45.7,0.01K,0.00%
"Apr 26, 2016",45.7,45.7,45.7,45.7,-,0.11%
"Apr 25, 2016",45.65,45.65,45.65,45.65,0.01K,0.00%
"Apr 22, 2016",45.65,45.65,45.65,45.65,-,0.22%
"Apr 21, 2016",45.55,45.55,45.55,45.55,0.01K,-0.44%
"Apr 20, 2016",45.75,45.75,45.75,45.75,0.01K,-0.65%
"Apr 19, 2016",46.05,46.05,46.05,46.05,-,0.00%
"Apr 18, 2016",46.05,46.05,46.05,46.05,0.01K,0.66%
"Apr 15, 2016",45.75,45.75,45.75,45.75,0.09K,0.33%
"Apr 14, 2016",45.6,45.6,45.6,45.6,-,1.67%
"Apr 13, 2016",44.85,44.85,44.85,44.85,-,0.00%
"Apr 12, 2016",44.85,44.85,44.85,44.85,0.02K,-0.22%
"Apr 11, 2016",44.95,44.95,44.95,44.95,-,0.56%
"Apr 08, 2016",44.7,44.7,44.7,44.7,0.05K,1.71%
"Apr 07, 2016",43.95,43.95,43.95,43.95,0.05K,-1.12%
"Apr 06, 2016",44.45,44.45,44.45,44.45,0.02K,-0.56%
"Apr 05, 2016",44.7,44.7,44.7,44.7,0.04K,0.22%
"Apr 04, 2016",44.6,44.6,44.6,44.6,0.07K,-0.56%
"Apr 01, 2016",44.85,44.85,44.85,44.85,-,-0.22%
"Mar 31, 2016",44.95,44.95,44.95,44.95,0.01K,0.78%
"Mar 30, 2016",44.6,44.6,44.6,44.6,0.04K,0.34%
"Mar 29, 2016",44.45,44.45,44.45,44.45,-,-0.34%
"Mar 28, 2016",44.6,44.6,44.6,44.6,-,-3.57%
"Mar 24, 2016",46.25,46.25,46.25,46.25,-,0.00%
"Mar 23, 2016",46.25,46.25,46.25,46.25,-,-0.11%
"Mar 22, 2016",46.3,46.3,46.3,46.3,-,-0.54%
"Mar 21, 2016",46.55,46.55,46.55,46.55,-,-0.11%
"Mar 18, 2016",46.6,46.6,46.6,46.6,-,0.43%
"Mar 17, 2016",46.4,46.4,46.4,46.4,-,0.98%
"Mar 16, 2016",45.95,45.95,45.95,45.95,-,0.11%
"Mar 15, 2016",45.9,45.9,45.9,45.9,-,0.00%
"Mar 14, 2016",45.9,45.9,45.9,45.9,0.02K,-1.08%
"Mar 11, 2016",46.4,46.4,46.4,46.4,0.01K,-0.32%
"Mar 10, 2016",46.55,46.55,46.55,46.55,-,0.00%
"Mar 09, 2016",46.55,46.55,46.55,46.55,0.01K,0.54%
"Mar 08, 2016",46.3,46.3,46.3,46.3,-,-0.86%
"Mar 07, 2016",46.7,46.7,46.7,46.7,0.07K,0.76%
"Mar 04, 2016",46.35,46.35,46.35,46.35,-,0.87%
"Mar 03, 2016",45.95,45.95,45.95,45.95,0.02K,2.80%
"Mar 02, 2016",44.7,44.7,44.7,44.7,-,-0.11%
"Mar 01, 2016",44.75,44.75,44.75,44.75,0.14K,1.02%
"Feb 29, 2016",44.3,44.3,44.3,44.3,0.01K,1.03%
"Feb 26, 2016",43.85,43.85,43.85,43.85,-,0.11%
"Feb 25, 2016",43.8,43.8,43.8,43.8,-,-0.11%
"Feb 24, 2016",43.85,43.85,43.85,43.85,0.02K,-0.34%
"Feb 23, 2016",44,44,44,44,-,0.92%
"Feb 22, 2016",43.6,43.6,43.6,43.6,-,0.23%
"Feb 19, 2016",43.5,43.5,43.5,43.5,-,0.23%
"Feb 18, 2016",43.4,43.4,43.4,43.4,0.01K,-0.34%
"Feb 17, 2016",43.55,43.55,43.55,43.55,-,0.23%
"Feb 16, 2016",43.45,43.45,43.45,43.45,0.04K,-0.11%
"Feb 15, 2016",43.5,43.5,43.5,43.5,-,-0.11%
"Feb 12, 2016",43.55,43.55,43.55,43.55,0.01K,-0.11%
"Feb 11, 2016",43.6,43.6,43.6,43.6,-,0.00%
"Feb 10, 2016",43.6,43.6,43.6,43.6,-,-0.23%
"Feb 09, 2016",43.7,43.7,43.7,43.7,0.08K,-1.02%
"Feb 08, 2016",44.15,44.15,44.15,44.15,-,0.00%
"Feb 05, 2016",44.15,44.15,44.15,44.15,0.27K,-0.79%
"Feb 04, 2016",44.5,44.5,44.5,44.5,0.23K,-1.55%
"Feb 03, 2016",45.2,45.2,45.2,45.2,0.14K,0.33%
"Feb 02, 2016",45.05,45.05,45.05,45.05,0.06K,1.69%
"Feb 01, 2016",44.3,44.3,44.3,44.3,0.01K,-3.17%
"Jan 29, 2016",45.75,45.75,45.75,45.75,-,0.00%
"Jan 28, 2016",45.75,45.75,45.75,45.75,-,0.11%
"Jan 27, 2016",45.7,45.7,45.7,45.7,-,0.00%
"Jan 26, 2016",45.7,45.7,45.7,45.7,0.01K,0.00%
"Jan 25, 2016",45.7,45.7,45.7,45.7,-,-0.33%
"Jan 22, 2016",45.85,45.85,45.85,45.85,0.01K,0.11%
"Jan 21, 2016",45.8,45.8,45.8,45.8,-,0.77%
"Jan 20, 2016",45.45,45.45,45.45,45.45,0.02K,0.00%
"Jan 19, 2016",45.45,45.45,45.45,45.45,-,0.33%
"Jan 18, 2016",45.3,45.3,45.3,45.3,-,-0.11%
"Jan 15, 2016",45.35,45.35,45.35,45.35,-,-0.77%
"Jan 14, 2016",45.7,45.7,45.7,45.7,0.02K,-0.33%
"Jan 13, 2016",45.85,45.85,45.85,45.85,0.01K,-0.76%
"Jan 12, 2016",46.2,46.2,46.2,46.2,0.09K,-1.07%
"Jan 11, 2016",46.7,46.7,46.7,46.7,-,-0.95%
"Jan 08, 2016",47.15,47.15,47.15,47.15,0.13K,-2.78%
"Jan 07, 2016",48.5,48.5,48.5,48.5,-,0.10%
"Jan 06, 2016",48.45,48.45,48.45,48.45,0.03K,1.47%
"Jan 05, 2016",47.75,47.75,47.75,47.75,0.05K,0.10%
"Jan 04, 2016",47.7,47.7,47.7,47.7,-,0.53%
"Dec 31, 2015",47.45,48.05,48.05,48.05,-,0.11%
"Dec 30, 2015",47.4,47.4,47.4,47.4,0.01K,0.00%
"Dec 29, 2015",47.4,47.4,47.4,47.4,-,0.85%
"Dec 28, 2015",47,47,47,47,-,-1.67%
"Dec 24, 2015",47.8,47.8,47.8,47.8,-,0.00%
"Dec 23, 2015",47.8,47.8,47.8,47.8,-,0.42%
"Dec 22, 2015",47.6,47.6,47.6,47.6,0.00K,0.00%
"Dec 21, 2015",47.6,47.6,47.6,47.6,-,-0.42%
"Dec 18, 2015",47.8,47.8,47.8,47.8,-,0.10%
"Dec 17, 2015",47.75,47.75,47.75,47.75,0.07K,0.00%
"Dec 16, 2015",47.75,47.75,47.75,47.75,-,0.10%
"Dec 15, 2015",47.7,47.7,47.7,47.7,-,0.10%
"Dec 14, 2015",47.65,47.65,47.65,47.65,0.07K,0.63%
"Dec 11, 2015",47.35,47.35,47.35,47.35,-,-0.11%
"Dec 10, 2015",47.4,47.4,47.4,47.4,0.02K,-0.11%
"Dec 09, 2015",47.45,47.45,47.45,47.45,0.08K,0.11%
"Dec 08, 2015",47.4,47.4,47.4,47.4,0.03K,-0.73%
"Dec 07, 2015",47.75,47.75,47.75,47.75,0.02K,-1.65%
"Dec 04, 2015",48.55,48.55,48.55,48.55,0.01K,-0.82%
"Dec 03, 2015",48.95,48.95,48.95,48.95,-,-0.31%
"Dec 02, 2015",49.1,49.1,49.1,49.1,-,-1.21%
"Dec 01, 2015",49.7,49.7,49.7,49.7,-,-0.50%
"Nov 30, 2015",49.95,49.95,49.95,49.95,0.06K,-7.24%
"Nov 27, 2015",53.85,53.85,53.85,53.85,-,0.00%
"Nov 26, 2015",53.85,53.85,53.85,53.85,-,-0.19%
"Nov 25, 2015",53.95,53.95,53.95,53.95,-,0.00%
"Nov 24, 2015",53.95,53.95,53.95,53.95,-,-0.09%
"Nov 23, 2015",54,54,54,54,-,-0.64%
"Nov 20, 2015",54.35,54.35,54.35,54.35,-,-0.37%
"Nov 19, 2015",54.55,54.55,54.55,54.55,-,-0.09%
"Nov 18, 2015",54.6,54.6,54.6,54.6,-,0.28%
"Nov 17, 2015",54.45,54.45,54.45,54.45,0.03K,0.93%
"Nov 16, 2015",53.95,53.95,53.95,53.95,0.01K,0.94%
"Nov 13, 2015",53.45,53.45,53.45,53.45,-,0.00%
"Nov 12, 2015",53.45,53.45,53.45,53.45,-,-0.09%
"Nov 11, 2015",53.5,53.5,53.5,53.5,-,0.47%
"Nov 10, 2015",53.25,53.25,53.25,53.25,-,0.47%
"Nov 09, 2015",53,53,53,53,0.01K,-0.56%
"Nov 06, 2015",53.3,53.3,53.3,53.3,-,0.28%
"Nov 05, 2015",53.15,53.15,53.15,53.15,-,0.00%
"Nov 04, 2015",53.15,53.15,53.15,53.15,0.04K,-0.84%
"Nov 03, 2015",53.6,53.6,53.6,53.6,0.04K,0.75%
"Nov 02, 2015",53.2,53.2,53.2,53.2,0.04K,1.43%
"Oct 30, 2015",52.45,52.45,52.45,52.45,-,-0.10%
"Oct 29, 2015",52.5,52.5,52.5,52.5,-,-0.10%
"Oct 28, 2015",52.55,52.55,52.55,52.55,-,-0.19%
"Oct 27, 2015",52.65,52.65,52.65,52.65,-,0.38%
"Oct 26, 2015",52.45,52.45,52.45,52.45,-,0.58%
"Oct 23, 2015",52.15,52.15,52.15,52.15,0.01K,0.38%
"Oct 22, 2015",51.95,51.95,51.95,51.95,-,0.10%
"Oct 21, 2015",51.9,51.9,51.9,51.9,-,0.00%
"Oct 20, 2015",51.9,51.9,51.9,51.9,-,0.10%
"Oct 19, 2015",51.85,51.85,51.85,51.85,-,0.00%
"Oct 16, 2015",51.85,51.85,51.85,51.85,-,0.19%
"Oct 15, 2015",51.75,51.75,51.75,51.75,0.03K,0.19%
"Oct 14, 2015",51.65,51.65,51.65,51.65,0.21K,-0.48%
"Oct 13, 2015",51.9,51.9,51.9,51.9,-,-0.29%
"Oct 12, 2015",52.05,52.05,52.05,52.05,-,-0.67%
"Oct 09, 2015",52.4,52.4,52.4,52.4,0.01K,0.48%
"Oct 08, 2015",52.15,52.15,52.15,52.15,-,-0.19%
"Oct 07, 2015",52.25,52.25,52.25,52.25,0.01K,-0.76%
"Oct 06, 2015",52.65,52.65,52.65,52.65,0.06K,1.25%
"Oct 05, 2015",52,52,52,52,0.08K,1.76%
"Oct 02, 2015",51.1,51.1,51.1,51.1,0.02K,0.20%
"Oct 01, 2015",51,51,51,51,0.02K,-0.78%
"Sep 30, 2015",51.4,51.6,51.6,51.6,0.04K,-1.34%
"Sep 29, 2015",52.1,52.1,52.1,52.1,0.05K,0.10%
"Sep 28, 2015",52.05,52.05,52.05,52.05,0.07K,-3.34%
"Sep 25, 2015",53.85,53.85,53.85,53.85,-,0.00%
"Sep 24, 2015",53.85,53.85,53.85,53.85,-,-0.09%
"Sep 23, 2015",53.9,53.9,53.9,53.9,-,0.00%
"Sep 22, 2015",53.9,53.9,53.9,53.9,-,-0.19%
"Sep 21, 2015",54,54,54,54,-,-0.18%
"Sep 18, 2015",54.1,54.1,54.1,54.1,0.02K,-0.09%
"Sep 17, 2015",54.15,54.15,54.15,54.15,-,0.00%
"Sep 16, 2015",54.15,54.15,54.15,54.15,0.01K,1.12%
"Sep 15, 2015",53.55,53.55,53.55,53.55,0.01K,-0.19%
"Sep 14, 2015",53.65,53.65,53.65,53.65,0.02K,-0.37%
"Sep 11, 2015",53.85,53.85,53.85,53.85,0.02K,0.09%
"Sep 10, 2015",53.8,53.8,53.8,53.8,-,0.37%
"Sep 09, 2015",53.6,53.6,53.6,53.6,-,-0.56%
"Sep 08, 2015",53.9,53.9,53.9,53.9,0.02K,0.47%
"Sep 07, 2015",53.65,53.65,53.65,53.65,0.08K,-1.65%
"Sep 04, 2015",54.55,54.55,54.55,54.55,-,-1.09%
"Sep 03, 2015",55.15,55.15,55.15,55.15,0.01K,0.55%
"Sep 02, 2015",54.85,54.85,54.85,54.85,-,-0.18%
"Sep 01, 2015",54.95,55.25,55.25,55.25,0.11K,-1.52%
"Aug 28, 2015",55.8,55.8,55.8,55.8,-,0.00%
"Aug 27, 2015",55.8,55.8,55.8,55.8,-,0.00%
"Aug 26, 2015",55.8,55.8,55.8,55.8,-,0.00%
"Aug 25, 2015",55.8,55.8,55.8,55.8,-,0.00%
"Aug 24, 2015",55.8,55.8,55.8,55.8,-,-0.18%
"Aug 21, 2015",55.9,55.9,55.9,55.9,-,-0.09%
"Aug 20, 2015",55.95,55.95,55.95,55.95,0.07K,0.00%
"Aug 19, 2015",55.95,55.95,55.95,55.95,0.02K,-0.18%
"Aug 18, 2015",56.05,56.05,56.05,56.05,0.04K,-0.44%
"Aug 17, 2015",56.3,56.3,56.3,56.3,0.03K,0.00%
"Aug 14, 2015",56.3,56.3,56.3,56.3,0.02K,-0.44%
"Aug 13, 2015",56.55,56.55,56.55,56.55,0.01K,0.27%
"Aug 12, 2015",56.4,56.4,56.4,56.4,0.01K,0.00%
"Aug 11, 2015",56.4,56.4,56.4,56.4,0.03K,-1.74%
"Aug 10, 2015",57.4,57.4,57.4,57.4,-,0.44%
"Aug 07, 2015",57.15,57.15,57.15,57.15,0.07K,-1.21%
"Aug 06, 2015",57.85,57.85,57.85,57.85,0.05K,0.61%
"Aug 05, 2015",57.5,56.8,56.8,56.8,0.01K,0.79%
"Aug 04, 2015",57.05,57.05,57.05,57.05,0.07K,1.15%
"Aug 03, 2015",56.4,56.4,56.4,56.4,0.04K,-3.51%
"Jul 31, 2015",58.45,58.45,58.45,58.45,-,0.00%
"Jul 30, 2015",58.45,58.45,58.45,58.45,0.01K,0.00%
"Jul 29, 2015",58.45,58.45,58.45,58.45,-,0.00%
"Jul 28, 2015",58.45,58.45,58.45,58.45,0.01K,-0.17%
"Jul 27, 2015",58.55,58.55,58.55,58.55,0.02K,0.00%
"Jul 24, 2015",58.55,58.55,58.55,58.55,0.02K,0.09%
"Jul 23, 2015",58.5,58.5,58.5,58.5,-,-0.17%
"Jul 22, 2015",58.6,58.6,58.6,58.6,-,0.00%
"Jul 21, 2015",58.6,58.6,58.6,58.6,-,0.09%
"Jul 20, 2015",58.55,58.55,58.55,58.55,-,0.26%
"Jul 17, 2015",58.4,58.4,58.4,58.4,-,0.09%
"Jul 16, 2015",58.35,58.35,58.35,58.35,0.01K,0.00%
"Jul 15, 2015",58.35,58.35,58.35,58.35,0.01K,-0.34%
"Jul 14, 2015",58.55,58.65,58.65,58.65,0.03K,0.00%
"Jul 13, 2015",58.55,58.55,58.55,58.55,0.06K,-0.34%
"Jul 10, 2015",58.75,58.75,58.75,58.75,-,0.43%
"Jul 09, 2015",58.5,58.5,58.5,58.5,0.01K,0.26%
"Jul 08, 2015",58.35,58.35,58.35,58.35,0.01K,0.34%
"Jul 07, 2015",58.15,58.15,58.15,58.15,0.02K,-0.60%
"Jul 06, 2015",58.5,58.5,58.5,58.5,0.02K,-0.76%
"Jul 03, 2015",58.95,58.95,58.95,58.95,-,-0.92%
"Jul 02, 2015",59.5,59.5,59.5,59.5,0.04K,-0.42%
"Jul 01, 2015",59.75,59.75,59.75,59.75,0.04K,-0.75%
"Jun 30, 2015",60.2,59.4,60.1,59.4,0.01K,1.86%
"Jun 29, 2015",59.1,59.1,59.1,59.1,0.01K,1.55%
"Jun 26, 2015",58.2,58.2,58.2,58.2,-,0.00%
"Jun 25, 2015",58.2,58.2,58.2,58.2,-,0.17%
"Jun 24, 2015",58.1,58.1,58.1,58.1,-,-0.09%
"Jun 23, 2015",58.15,58.15,58.15,58.15,-,-0.26%
"Jun 22, 2015",58.3,58.3,58.3,58.3,-,0.52%
"Jun 19, 2015",58,58,58,58,-,0.00%
"Jun 18, 2015",58,58,58,58,0.05K,0.00%
"Jun 17, 2015",58,58,58,58,0.01K,0.26%
"Jun 16, 2015",57.85,57.85,57.85,57.85,-,-0.09%
"Jun 15, 2015",57.9,57.9,57.9,57.9,0.02K,0.26%
"Jun 12, 2015",57.75,57.75,57.75,57.75,-,0.79%
"Jun 11, 2015",57.3,57.3,57.3,57.3,-,0.88%
"Jun 10, 2015",56.8,56.8,56.8,56.8,-,0.09%
"Jun 09, 2015",56.75,56.75,56.75,56.75,0.02K,-0.09%
"Jun 08, 2015",56.8,56.8,56.8,56.8,0.03K,0.00%
"Jun 05, 2015",56.8,56.8,56.8,56.8,0.02K,-0.18%
"Jun 04, 2015",56.9,56.9,56.9,56.9,0.07K,-0.87%
"Jun 03, 2015",57.4,57.4,57.4,57.4,0.01K,-1.37%
"Jun 02, 2015",58.2,58.2,58.2,58.2,0.03K,0.95%
"Jun 01, 2015",57.65,57.65,57.65,57.65,0.03K,-2.04%
"May 29, 2015",58.85,58.85,58.85,58.85,-,0.09%
"May 28, 2015",58.8,58.8,58.8,58.8,-,0.00%
"May 27, 2015",58.8,58.8,58.8,58.8,-,0.09%
"May 26, 2015",58.75,58.75,58.75,58.75,-,0.00%
"May 22, 2015",58.75,58.75,58.75,58.75,0.02K,0.00%
"May 21, 2015",58.75,58.75,58.75,58.75,0.03K,-0.25%
"May 20, 2015",58.9,58.9,58.9,58.9,-,0.00%
"May 19, 2015",58.9,58.9,58.9,58.9,0.01K,-0.25%
"May 18, 2015",59.05,59.05,59.05,59.05,-,0.00%
"May 15, 2015",59.05,59.05,59.05,59.05,-,-0.17%
"May 14, 2015",59.15,59.15,59.15,59.15,-,-0.34%
"May 13, 2015",59.35,59.35,59.35,59.35,-,0.00%
"May 12, 2015",59.35,59.35,59.35,59.35,0.08K,-0.25%
"May 11, 2015",59.5,59.5,59.5,59.5,0.02K,-0.08%
"May 08, 2015",59.55,59.55,59.55,59.55,0.02K,-0.17%
"May 07, 2015",59.65,59.65,59.65,59.65,0.02K,-0.58%
"May 06, 2015",60,60,60,60,0.03K,-0.25%
"May 05, 2015",60.15,60.15,60.15,60.15,0.03K,0.42%
"May 01, 2015",59.9,59.9,59.9,59.9,0.02K,0.17%
"Apr 30, 2015",59.8,60,60,59.7,0.04K,-0.25%
"Apr 29, 2015",59.95,59.95,59.95,59.95,0.13K,0.93%
"Apr 28, 2015",59.4,59.4,59.4,59.4,0.10K,0.00%
"Apr 27, 2015",59.4,59.4,59.4,59.4,0.09K,-0.42%
"Apr 24, 2015",59.65,59.65,59.65,59.65,-,0.08%
"Apr 23, 2015",59.6,59.6,59.6,59.6,-,0.08%
"Apr 22, 2015",59.55,59.55,59.55,59.55,-,-0.33%
"Apr 21, 2015",59.75,59.75,59.75,59.75,-,-0.25%
"Apr 20, 2015",59.9,59.9,59.9,59.9,0.01K,-0.08%
"Apr 17, 2015",59.95,59.95,59.95,59.95,0.03K,0.00%
"Apr 16, 2015",59.95,59.95,59.95,59.95,0.10K,0.59%
"Apr 15, 2015",59.6,59.6,59.6,59.6,0.06K,0.17%
"Apr 14, 2015",59.5,59.5,59.5,59.5,-,-0.17%
"Apr 13, 2015",59.6,59.6,59.6,59.6,0.04K,0.93%
"Apr 10, 2015",59.05,59.05,59.05,59.05,0.04K,1.11%
"Apr 09, 2015",58.4,58.4,58.4,58.4,0.36K,1.74%
"Apr 08, 2015",57.4,57.4,57.4,57.4,0.08K,-0.43%
"Apr 07, 2015",57.65,57.65,57.65,57.65,0.04K,-1.54%
"Apr 02, 2015",58.55,58.55,58.55,58.55,-,-0.26%
"Apr 01, 2015",58.7,58.7,58.7,58.7,0.11K,-0.25%
"Mar 31, 2015",58.85,58.85,58.85,58.85,0.07K,-0.59%
"Mar 30, 2015",59.2,59.2,59.2,59.2,0.08K,-3.03%
"Mar 27, 2015",61.05,61.05,61.05,61.05,-,0.25%
"Mar 26, 2015",60.9,60.9,60.9,60.9,-,-0.16%
"Mar 25, 2015",61,61,61,61,-,0.16%
"Mar 24, 2015",60.9,60.9,60.9,60.9,-,0.00%
"Mar 23, 2015",60.9,60.9,60.9,60.9,0.01K,-0.08%
"Mar 20, 2015",60.95,60.95,60.95,60.95,-,-0.08%
"Mar 19, 2015",61,61,61,61,-,-0.73%
"Mar 18, 2015",61.45,61.45,61.45,61.45,-,0.16%
"Mar 17, 2015",61.35,61.35,61.35,61.35,-,-0.24%
"Mar 16, 2015",61.5,61.5,61.5,61.5,-,-0.73%
"Mar 13, 2015",61.95,61.95,61.95,61.95,0.02K,-0.24%
"Mar 12, 2015",62.1,62.1,62.1,62.1,-,0.00%
"Mar 11, 2015",62.1,62.1,62.1,62.1,0.03K,0.32%
"Mar 10, 2015",61.9,61.9,61.9,61.9,-,-0.08%
"Mar 09, 2015",61.95,61.95,61.95,61.95,-,0.49%
"Mar 06, 2015",61.65,61.65,61.65,61.65,0.02K,-1.52%
"Mar 05, 2015",62.6,62.6,62.6,62.6,0.29K,-0.32%
"Mar 04, 2015",62.8,62.8,62.8,62.8,0.02K,0.72%
"Mar 03, 2015",62.35,62.35,62.35,62.35,0.01K,-1.19%
"Mar 02, 2015",63.1,63.35,63.35,63.35,0.12K,2.10%
"Feb 27, 2015",61.8,61.8,61.8,61.8,-,0.00%
"Feb 26, 2015",61.8,61.8,61.8,61.8,-,0.32%
"Feb 25, 2015",61.6,61.6,61.6,61.6,-,-0.24%
"Feb 24, 2015",61.75,61.75,61.75,61.75,0.05K,-0.48%
"Feb 23, 2015",62.05,62.05,62.05,62.05,0.04K,-0.32%
"Feb 20, 2015",62.25,62.25,62.25,62.25,0.02K,0.40%
"Feb 19, 2015",62,62,62,62,0.30K,-0.72%
"Feb 18, 2015",62.45,62.45,62.45,62.45,0.06K,0.00%
"Feb 17, 2015",62.45,62.45,62.45,62.45,0.02K,-0.16%
"Feb 16, 2015",62.55,62.55,62.55,62.55,0.02K,0.16%
"Feb 13, 2015",62.45,62.45,62.45,62.45,0.01K,-0.48%
"Feb 12, 2015",62.75,62.75,62.75,62.75,0.01K,0.97%
"Feb 11, 2015",62.15,62.15,62.15,62.15,0.03K,0.81%
"Feb 10, 2015",61.65,61.65,61.65,61.65,0.03K,-0.16%
"Feb 09, 2015",61.75,61.75,61.75,61.75,0.20K,0.82%